<FOCompany>
    <FOCompany>
        <country>PLW</country>
        <externalCode>TestCPI1</externalCode>
        <endDate>9999-12-31T00:00:00.000</endDate>
        <cust_ESSAccess>Yes</cust_ESSAccess>
        <cust_financeCode></cust_financeCode>
        <currency>USD</currency>
        <cust_areaSubCompany></cust_areaSubCompany>
        <cust_ParentCompanyAssociationProp>PC_033</cust_ParentCompanyAssociationProp>
        <cust_isCompanyInterfacedOrMaster>Slave_not_Interfaced</cust_isCompanyInterfacedOrMaster>
        <cust_areaCompany></cust_areaCompany>
        <name>TestCPI1</name>
        <startDate>2021-01-01T00:00:00.000</startDate>
        <status>I</status>
    </FOCompany>
</FOCompany>