<batchChangeSet>
    <batchChangeSetPart>
        <method>DELETE</method>
        <userId>1031882</userId>
        <uri>Background_Education(backgroundElementId=4530839741,userId='1031882')</uri>
        <Background_Education>
            <Background_Education>
                <backgroundElementId>4530839741</backgroundElementId>
                <userId>1031882</userId>
            </Background_Education>
        </Background_Education>
    </batchChangeSetPart>
    <batchChangeSetPart>
        <method>DELETE</method>
        <userId>1031882</userId>
        <uri>Background_Education(backgroundElementId=4530839742,userId='1031882')</uri>
        <Background_Education>
            <Background_Education>
                <backgroundElementId>4530839742</backgroundElementId>
                <userId>1031882</userId>
            </Background_Education>
        </Background_Education>
    </batchChangeSetPart>
    <batchChangeSetPart>
        <method>UPSERT</method>
        <userId>1031875</userId>
        <Background_Education>
            <Background_Education>
                <country>113</country>
                <partnership>
                </partnership>
                <major>
                </major>
                <school>11136</school>
                <degree>6961</degree>
                <bgOrderPos>-1</bgOrderPos>
                <backgroundElementId>0</backgroundElementId>
                <educationYear>1986</educationYear>
                <userId>1031875</userId>
            </Background_Education>
        </Background_Education>
    </batchChangeSetPart>
    <batchChangeSetPart>
        <method>UPSERT</method>
        <userId>1031879</userId>
        <Background_Education>
            <Background_Education>
                <country>113</country>
                <partnership>
                </partnership>
                <major>
                </major>
                <school>11136</school>
                <degree>6956</degree>
                <bgOrderPos>-1</bgOrderPos>
                <backgroundElementId>0</backgroundElementId>
                <educationYear>2006</educationYear>
                <userId>1031879</userId>
            </Background_Education>
        </Background_Education>
    </batchChangeSetPart>
    <batchChangeSetPart>
        <method>UPSERT</method>
        <userId>1031879</userId>
        <Background_Education>
            <Background_Education>
                <country>113</country>
                <partnership>
                </partnership>
                <major>
                </major>
                <school>11136</school>
                <degree>6959</degree>
                <bgOrderPos>-1</bgOrderPos>
                <backgroundElementId>0</backgroundElementId>
                <educationYear>2007</educationYear>
                <userId>1031879</userId>
            </Background_Education>
        </Background_Education>
    </batchChangeSetPart>
    <batchChangeSetPart>
        <method>UPSERT</method>
        <userId>1031879</userId>
        <Background_Education>
            <Background_Education>
                <country>113</country>
                <partnership>
                </partnership>
                <major>
                </major>
                <school>11136</school>
                <degree>6959</degree>
                <bgOrderPos>-1</bgOrderPos>
                <backgroundElementId>0</backgroundElementId>
                <educationYear>2008</educationYear>
                <userId>1031879</userId>
            </Background_Education>
        </Background_Education>
    </batchChangeSetPart>
    <batchChangeSetPart>
        <method>UPSERT</method>
        <userId>1031882</userId>
        <Background_Education>
            <Background_Education>
                <country>113</country>
                <partnership>
                </partnership>
                <major>
                </major>
                <school>11136</school>
                <degree>6955</degree>
                <bgOrderPos>-1</bgOrderPos>
                <backgroundElementId>0</backgroundElementId>
                <educationYear>1993</educationYear>
                <userId>1031882</userId>
            </Background_Education>
        </Background_Education>
    </batchChangeSetPart>
</batchChangeSet>
