<batchPartResponse>
    <batchChangeSetResponse>
        <batchChangeSetPartResponse>
            <headers>
                <Accept>
                </Accept>
                <Accept-Language>
                </Accept-Language>
                <Content-Length>671</Content-Length>
                <DataServiceVersion>1.0</DataServiceVersion>
                <Content-Type>application/atom+xml;charset=utf-8</Content-Type>
            </headers>
            <statusInfo>OK</statusInfo>
            <contentId/>
            <body>
                <UpsertResponses>
                    <Background_Education>
                        <key>Background_Education/backgroundElementId=4530839498,Background_Education/userId=1031875</key>
                        <status>OK</status>
                        <editStatus null="true"/>
                        <message null="true"/>
                        <index type="Edm.Int32">0</index>
                        <httpCode type="Edm.Int32">200</httpCode>
                        <inlineResults type="Bag(SFOData.UpsertResult)"/>
                    </Background_Education>
                </UpsertResponses>
            </body>
            <statusCode>200</statusCode>
        </batchChangeSetPartResponse>
    </batchChangeSetResponse>
    <batchChangeSetResponse>
        <batchChangeSetPartResponse>
            <headers>
                <Accept>
                </Accept>
                <Accept-Language>
                </Accept-Language>
                <Content-Length>671</Content-Length>
                <DataServiceVersion>1.0</DataServiceVersion>
                <Content-Type>application/atom+xml;charset=utf-8</Content-Type>
            </headers>
            <statusInfo>OK</statusInfo>
            <contentId/>
            <body>
                <UpsertResponses>
                    <Background_Education>
                        <key>Background_Education/backgroundElementId=4530839499,Background_Education/userId=1031879</key>
                        <status>OK</status>
                        <editStatus null="true"/>
                        <message null="true"/>
                        <index type="Edm.Int32">0</index>
                        <httpCode type="Edm.Int32">200</httpCode>
                        <inlineResults type="Bag(SFOData.UpsertResult)"/>
                    </Background_Education>
                </UpsertResponses>
            </body>
            <statusCode>200</statusCode>
        </batchChangeSetPartResponse>
    </batchChangeSetResponse>
    <batchChangeSetResponse>
        <batchChangeSetPartResponse>
            <headers>
                <Accept>
                </Accept>
                <Accept-Language>
                </Accept-Language>
                <Content-Length>671</Content-Length>
                <DataServiceVersion>1.0</DataServiceVersion>
                <Content-Type>application/atom+xml;charset=utf-8</Content-Type>
            </headers>
            <statusInfo>OK</statusInfo>
            <contentId/>
            <body>
                <UpsertResponses>
                    <Background_Education>
                        <key>Background_Education/backgroundElementId=4530839500,Background_Education/userId=1031879</key>
                        <status>OK</status>
                        <editStatus null="true"/>
                        <message null="true"/>
                        <index type="Edm.Int32">0</index>
                        <httpCode type="Edm.Int32">200</httpCode>
                        <inlineResults type="Bag(SFOData.UpsertResult)"/>
                    </Background_Education>
                </UpsertResponses>
            </body>
            <statusCode>200</statusCode>
        </batchChangeSetPartResponse>
    </batchChangeSetResponse>
    <batchChangeSetResponse>
        <batchChangeSetPartResponse>
            <headers>
                <Accept>
                </Accept>
                <Accept-Language>
                </Accept-Language>
                <Content-Length>671</Content-Length>
                <DataServiceVersion>1.0</DataServiceVersion>
                <Content-Type>application/atom+xml;charset=utf-8</Content-Type>
            </headers>
            <statusInfo>OK</statusInfo>
            <contentId/>
            <body>
                <UpsertResponses>
                    <Background_Education>
                        <key>Background_Education/backgroundElementId=4530839501,Background_Education/userId=1031879</key>
                        <status>OK</status>
                        <editStatus null="true"/>
                        <message null="true"/>
                        <index type="Edm.Int32">0</index>
                        <httpCode type="Edm.Int32">200</httpCode>
                        <inlineResults type="Bag(SFOData.UpsertResult)"/>
                    </Background_Education>
                </UpsertResponses>
            </body>
            <statusCode>200</statusCode>
        </batchChangeSetPartResponse>
    </batchChangeSetResponse>
    <batchChangeSetResponse>
        <batchChangeSetPartResponse>
            <headers>
                <Accept>
                </Accept>
                <Accept-Language>
                </Accept-Language>
                <Content-Length>317</Content-Length>
                <X-SF-Record-Count-Recursive>0</X-SF-Record-Count-Recursive>
                <DataServiceVersion>1.0</DataServiceVersion>
                <Content-Type>application/xml;charset=utf-8</Content-Type>
            </headers>
            <statusInfo>Internal Server Error</statusInfo>
            <contentId/>
            <body>
                <error>
                    <code>COE_GENERAL_SERVER_FAILURE</code>
                    <message lang="en-US">ChangeSet index 1 - The value INDIA for field country is not formatted correctly and cannot be displayed. with the index 0</message>
                </error>
            </body>
            <statusCode>200</statusCode>
        </batchChangeSetPartResponse>
    </batchChangeSetResponse>
</batchPartResponse>
