
<batchPartResponse>
        <batchChangeSetResponse>
        <batchChangeSetPartResponse>
        <headers>
        <Accept>
        </Accept>
<Accept-Language>
</Accept-Language>
        <Content-Length>426</Content-Length>
<X-SF-Record-Count-Recursive>0</X-SF-Record-Count-Recursive>
        <DataServiceVersion>1.0</DataServiceVersion>
<Content-Type>application/xml;charset=utf-8</Content-Type>
</headers>
        <statusInfo>Internal Server Error</statusInfo>
<contentId/>
        <body>
        <error>
        <code>COE_GENERAL_SERVER_FAILURE</code>
<message lang="en-US">ChangeSet index 4 - Please add required properties in payload. Required property startDate is missing. You can check which properties are required for an entity in Admin Center &gt; OData API Data Dictionary or the entity metadata.</message>
        </error>
</body>
        <statusCode>500</statusCode>
</batchChangeSetPartResponse>
</batchChangeSetResponse>
</batchPartResponse>