{
  "Employee": {
    "Employee": [
      {
        "id": "1182",
        "person": {
          "action": "NO CHANGE",
          "created_by": "adminEGA",
          "created_on_timestamp": "2021-05-07T10:51:41.000Z",
          "last_modified_by": "adminEGA",
          "last_modified_on": "2021-05-07T11:59:14.000Z",
          "logon_user_id": "MH_IT11500104",
          "logon_user_is_active": "true",
          "logon_user_name": "MH_IT11500104",
          "per_person_uuid": "D9755F7EE02A4AD29C109452DB8D27BE",
          "person_id": "1182",
          "person_id_external": "",
          "personal_information": [{
            "action": "NO CHANGE",
            "created_by": "adminEGA",
            "created_on_timestamp": "2021-05-07T10:51:43.000Z",
            "custom_date1": "1989-01-30",
            "custom_string1": "WILLIAMS",
            "custom_string2": "Robin",
            "custom_string3": "fr_FR",
            "custom_string4": "38",
            "custom_string5": "M",
            "custom_string6": "ONBOARDING - OPTION 2",
            "end_date": "9999-12-31",
            "first_name": "Robin",
            "formal_name": "Test Onboarding - Option 2",
            "gender": "F",
            "is_overridden": "true",
            "last_modified_by": "adminEGA",
            "last_modified_on": "2021-05-07T12:12:52.000Z",
            "last_name": "WILLIAMS",
            "marital_status": "S",
            "nationality": "FRA",
            "start_date": "2021-08-01",
            "personal_information_fra": {
              "action": "NO CHANGE",
              "country": "FRA",
              "created_by": "adminEGA",
              "created_on_timestamp": "2021-05-07T10:51:21.000Z",
              "custom_string1": "Paris",
              "last_modified_by": "adminEGA",
              "last_modified_on": "2021-05-07T12:12:52.000Z"
            }
          }],
          "phone_information": [{
            "action": "CHANGE",
            "country_code": "0033",
            "created_by": "adminEGA",
            "created_on_timestamp": "2021-05-07T10:51:21.000Z",
            "isPrimary": "",
            "last_modified_by": "adminEGA",
            "last_modified_on": "2021-05-07T10:51:21.000Z",
            "phone_number": "123456",
            "phone_type": "P"
          }],
          "email_information": [{
            "action": "NO CHANGE",
            "created_by": "adminEGA",
            "created_on_timestamp": "2021-05-07T10:51:21.000Z",
            "email_address": "ONBoption2@test.com",
            "email_type": "",
            "isPrimary": "true",
            "last_modified_by": "adminEGA",
            "last_modified_on": "2021-05-07T10:51:21.000Z"
          }],
          "employment_information": [{
            "action": "NO CHANGE",
            "assignment_class": "ST",
            "assignmentIdExternal": "MH_IT11500104",
            "created_by": "adminEGA",
            "created_on_timestamp": "2021-05-07T10:51:42.000Z",
            "custom_date1": "2021-08-01",
            "custom_date2": "2021-08-01",
            "custom_date3": "2021-08-01",
            "custom_string1": "Yes",
            "custom_string2": "NOT_LVMH",
            "custom_string4": "AAA",
            "custom_string5": "Yes",
            "custom_string6": "CellOffice",
            "custom_string7": "Onboardee",
            "direct_reports": "0",
            "employment_id": "1120",
            "hiringNotCompleted": "false",
            "jobNumber": "1",
            "last_modified_by": "adminEGA",
            "last_modified_on": "2021-05-07T10:51:42.000Z",
            "originalStartDate": "2021-08-01",
            "start_date": "2021-08-01",
            "user_id": "MH_IT11500104",
            "job_information": [{
              "action": "CHANGE",
              "company": "",
              "company_territory_code": "FRA",
              "cost_center": "CC_003772 [E85]",
              "created_by": "SFADMIN",
              "created_on": "2021-08-01",
              "created_on_timestamp": "2021-08-01T01:01:14.000Z",
              "custom_date1": "2021-08-01",
              "custom_date2": "2022-12-31",
              "custom_string13": "Yes",
              "custom_string17": "Local",
              "custom_string18": "Full Time",
              "custom_string23": "Courbevoie",
              "custom_string27": {
                "previous": "C"
              },
              "custom_string3": {
                "previous": "HRM"
              },
              "custom_string35": {
                "previous": "AGS"
              },
              "custom_string4": {
                "previous": "HRM_03"
              },
              "custom_string43": "No",
              "custom_string5": {
                "previous": "Test 02"
              },
              "custom_string8": {
                "previous": "AG_01"
              },
              "custom_string9": {
                "previous": "AS_00019"
              },
              "department": {
                "previous": "Dpt_02161 [E85]"
              },
              "division": {
                "previous": "PC_056"
              },
              "employee_class": "EMPLOYEECLASS_4",
              "emplStatus": "A",
              "end_date": "9999-12-31",
              "event": {
                "$": "5",
                "previous": "H"
              },
              "event_reason": {
                "$": "DTCH",
                "previous": "HIRE"
              },
              "excl_executive_sector": "false",
              "fte": {
                "$": "0.0",
                "previous": "1.0"
              },
              "is_cross_border_worker": "false",
              "is_eligible_for_benefit": "false",
              "is_eligible_for_car": "false",
              "is_fulltime_employee": "true",
              "is_primary": "false",
              "is_shift_employee": "false",
              "job_title": {
                "previous": "Test 02"
              },
              "last_modified_by": "SFADMIN",
              "last_modified_on": "2021-08-01T01:01:14.000Z",
              "local_job_title": {
                "previous": "Test 02"
              },
              "location": {
                "previous": "LOC_3173"
              },
              "manager_employment_id": {
                "previous": "577"
              },
              "manager_id": {
                "$": "NO_MANAGER",
                "previous": "1500008"
              },
              "manager_person_id": {
                "previous": "597"
              },
              "manager_person_id_external": {
                "previous": "1500008"
              },
              "positionEntryDate": "2021-08-01",
              "probation_period_end_date": "2021-12-31",
              "regular_temp": "regular-temp_2",
              "resident_vote": "false",
              "seq_number": {
                "$": "2",
                "previous": "1"
              },
              "shift_factor": "0.0",
              "shift_rate": "0.0",
              "standard_hours": "0.0",
              "start_date": "2021-08-01",
              "timezone": "Europe/Paris",
              "workingDaysPerWeek": "0.0"
            }],
            "job_event_information": [
              {
                "action": "INSERT",
                "created_on_timestamp": "2021-08-01T01:01:14.000Z",
                "event": "5",
                "event_date": "2021-08-01",
                "event_reason": "DTCH",
                "seq_number": "2"
              },
              {
                "action": "NO CHANGE",
                "created_on_timestamp": "2021-05-07T10:51:44.000Z",
                "event": "H",
                "event_date": "2021-08-01",
                "event_reason": "HIRE",
                "seq_number": "1"
              }
            ],
            "compensation_information": {
              "action": "NO CHANGE",
              "created_by": "adminEGA",
              "created_on_timestamp": "2021-05-07T10:51:44.000Z",
              "custom_string8": "No",
              "end_date": "9999-12-31",
              "event": "H",
              "event_reason": "HIRE",
              "is_eligible_for_benefits": "false",
              "is_eligible_for_car": "false",
              "last_modified_by": "adminEGA",
              "last_modified_on": "2021-05-07T10:51:44.000Z",
              "seq_number": "1",
              "start_date": "2021-08-01"
            },
            "compensation_event_information": {
              "action": "NO CHANGE",
              "created_on_timestamp": "2021-05-07T10:51:44.000Z",
              "event": "H",
              "event_date": "2021-08-01",
              "event_reason": "HIRE",
              "seq_number": "1"
            }
          }]
        },
        "log": {
          "log_item": {
            "per_person_uuid": "D9755F7EE02A4AD29C109452DB8D27BE",
            "person_id": "1182",
            "person_id_external": "D9755F7EE02A4AD29C109452DB8D27BE",
            "node_name": "job_information",
            "field_name": "position",
            "xpath": "//sfobject[1]/person/employment_information[1]/job_information[1]",
            "code": "COMPOUND_EMPLOYEE/GENERIC_OBJECT_INVALID",
            "severity": "WARNING",
            "message_text": "Field \"position\" can't be returned: Please make sure that the external code for generic object \"Position\" with ID \"802735\" is valid."
          }
        },
        "execution_timestamp": "2021-08-04T14:54:09.000Z",
        "version_id": "2105P0"
      },
      {
        "id": "10658",
        "person": {
          "action": "NO CHANGE",
          "created_by": "adminrje",
          "created_on_timestamp": "2021-07-16T13:54:25.000Z",
          "custom_string2": "TST_INT_002_lvmh",
          "custom_string3": "TST_INT_002_wset",
          "custom_string4": "TST_INT_002_concur",
          "last_modified_by": "SFADMIN",
          "last_modified_on": "2021-07-26T08:48:22.000Z",
          "logon_user_id": "MH_IT11500122",
          "logon_user_is_active": "true",
          "logon_user_name": "MH_IT11500122",
          "per_person_uuid": "B103482755E042868F5C83437BBE71BF",
          "person_id": "10658",
          "person_id_external": "MH_IT11500122",
          "personal_information": [
            {
              "action": "CHANGE",
              "birth_name": "Integration Birth Name",
              "created_by": "adminApiGroup",
              "created_on_timestamp": "2021-07-28T05:51:05.000Z",
              "custom_date1": "1995-08-17",
              "custom_string1": "INTEGRATION LAST NAMEA",
              "custom_string2": "Integration First-name",
              "custom_string3": "fr_FR",
              "custom_string4": "40",
              "custom_string5": "M",
              "custom_string6": {
                "$": "d38",
                "previous": "d"
              },
              "end_date": "9999-12-31",
              "first_name": "Integration First-name",
              "formal_name": "Integration First Name Integration Last Name",
              "gender": "M",
              "is_overridden": "true",
              "last_modified_by": "SFADMIN",
              "last_modified_on": "2021-08-03T19:35:24.000Z",
              "last_name": "INTEGRATION LAST NAMEA",
              "marital_status": "S",
              "nationality": "FRA",
              "second_nationality": "DOM",
              "start_date": "2021-07-28",
              "personal_information_fra": {
                "action": "NO CHANGE",
                "country": "FRA",
                "created_by": "adminApiGroup",
                "created_on_timestamp": "2021-07-28T05:51:06.000Z",
                "custom_string1": "Dijon",
                "custom_string2": "COTE-D'OR",
                "custom_string4": "Transport en commun",
                "custom_string5": "FRA",
                "last_modified_by": "SFADMIN",
                "last_modified_on": "2021-08-03T19:35:24.000Z"
              }
            },
            {
              "action": "NO CHANGE",
              "birth_name": "Integration Birth Name",
              "created_by": "SFADMIN",
              "created_on_timestamp": "2021-07-27T15:57:56.000Z",
              "custom_date1": "1995-08-17",
              "custom_string1": "INTEGRATION LAST NAMEA",
              "custom_string2": "Integration First-name",
              "custom_string3": "fr_FR",
              "custom_string4": "40",
              "custom_string5": "M",
              "custom_string6": "a",
              "end_date": "2021-07-27",
              "first_name": "Integration First-name",
              "formal_name": "Integration First Name Integration Last Name",
              "gender": "M",
              "is_overridden": "true",
              "last_modified_by": "SFADMIN",
              "last_modified_on": "2021-07-27T20:39:09.000Z",
              "last_name": "INTEGRATION LAST NAMEA",
              "marital_status": "S",
              "nationality": "FRA",
              "second_nationality": "DOM",
              "start_date": "2021-07-27",
              "personal_information_fra": {
                "action": "NO CHANGE",
                "country": "FRA",
                "created_by": "SFADMIN",
                "created_on_timestamp": "2021-07-27T15:57:56.000Z",
                "custom_string1": "Dijon",
                "custom_string2": "COTE-D'OR",
                "custom_string4": "Transport en commun",
                "custom_string5": "FRA",
                "last_modified_by": "SFADMIN",
                "last_modified_on": "2021-07-27T20:39:10.000Z"
              }
            },
            {
              "action": "NO CHANGE",
              "birth_name": "Integration Birth Name",
              "created_by": "adminrje",
              "created_on_timestamp": "2021-07-16T13:54:26.000Z",
              "custom_date1": "1995-08-17",
              "custom_string1": "INTEGRATION LOCAL LAST NAME",
              "custom_string2": "Integration First-name",
              "custom_string3": "fr_FR",
              "custom_string4": "40",
              "custom_string5": "M",
              "end_date": "2021-07-26",
              "first_name": "Integration First-name",
              "formal_name": "Integration First Name Integration Last Name",
              "gender": "F",
              "is_overridden": "true",
              "last_modified_by": "SFADMIN",
              "last_modified_on": "2021-07-27T15:49:44.000Z",
              "last_name": "INTEGRATION LAST NAME",
              "marital_status": "S",
              "nationality": "FRA",
              "second_nationality": "DOM",
              "start_date": "2021-07-05",
              "personal_information_fra": {
                "action": "NO CHANGE",
                "country": "FRA",
                "created_by": "adminrje",
                "created_on_timestamp": "2021-07-16T13:54:22.000Z",
                "custom_string1": "Dijon",
                "custom_string2": "COTE-D'OR",
                "custom_string4": "Transport en commun",
                "custom_string5": "FRA",
                "last_modified_by": "SFADMIN",
                "last_modified_on": "2021-07-27T15:49:46.000Z"
              }
            }
          ],
          "phone_information": [{
            "action": "CHANGE",
            "country_code": "+33",
            "created_by": "adminrje",
            "created_on_timestamp": "2021-07-16T13:54:22.000Z",
            "isPrimary": "",
            "last_modified_by": "adminrje",
            "last_modified_on": "2021-07-16T13:54:22.000Z",
            "phone_number": "061234567890",
            "phone_type": "P"
          },{
            "action": "NO CHANGE",
            "country_code": "+33",
            "created_by": "adminrje",
            "created_on_timestamp": "2021-07-16T13:54:22.000Z",
            "isPrimary": "true",
            "last_modified_by": "adminrje",
            "last_modified_on": "2021-07-16T13:54:22.000Z",
            "phone_number": "061234567890",
            "phone_type": "P"
          }],
          "email_information": [{
            "action": "CHANGE",
            "created_by": "adminrje",
            "created_on_timestamp": "2021-07-16T13:54:22.000Z",
            "email_address": "integration03@yopmail.com",
            "email_type": "P",
            "isPrimary": "",
            "last_modified_by": "adminrje",
            "last_modified_on": "2021-07-16T13:54:22.000Z"
          },{
            "action": "CHANGE",
            "created_by": "adminrje",
            "created_on_timestamp": "2021-07-16T13:54:22.000Z",
            "email_address": "integration03@yopmail.com",
            "email_type": "P",
            "isPrimary": "true",
            "last_modified_by": "adminrje",
            "last_modified_on": "2021-07-16T13:54:22.000Z"
          }],
          "employment_information": [{
            "action": "NO CHANGE",
            "assignment_class": "ST",
            "assignmentIdExternal": "MH_IT11500122",
            "created_by": "adminrje",
            "created_on_timestamp": "2021-07-16T13:54:25.000Z",
            "custom_date1": "2021-07-05",
            "custom_string1": "Yes",
            "custom_string5": "No",
            "custom_string6": "CellOffice",
            "custom_string7": "Onboardee",
            "custom_string8": "POS",
            "direct_reports": "18",
            "employment_id": "10586",
            "hiringNotCompleted": "false",
            "jobNumber": "1",
            "last_modified_by": "adminrje",
            "last_modified_on": "2021-07-16T13:54:25.000Z",
            "originalStartDate": "2021-07-05",
            "start_date": "2021-07-05",
            "user_id": "MH_IT11500122",
            "job_information": [
              {
                "action": "CHANGE",
                "business_unit": "BS_WSS",
                "company": "",
                "company_territory_code": "FRA",
                "contract_type": "FA",
                "cost_center": "CC_IT2_0005",
                "created_by": "SFADMIN",
                "created_on": "2021-07-25",
                "created_on_timestamp": "2021-07-25T14:57:44.000Z",
                "custom_date1": "2021-07-05",
                "custom_string11": "Prod",
                "custom_string12": "No",
                "custom_string13": "No",
                "custom_string14": "0",
                "custom_string17": "Local",
                "custom_string18": "Full Time",
                "custom_string19": "No",
                "custom_string2": "BSD_WSS",
                "custom_string23": "Cognac",
                "custom_string27": "M",
                "custom_string3": "HRM",
                "custom_string36": "GZ01",
                "custom_string38": "ASSISTANT(E) 1 JUNIOR",
                "custom_string39": "CodeClassif1",
                "custom_string4": "HRM_03",
                "custom_string40": "CoeffClassifEmploi01",
                "custom_string41": "CC_IT2_TRAVEL",
                "custom_string42": "VCK",
                "custom_string43": "No",
                "custom_string45": "AI",
                "custom_string49": "TEC",
                "custom_string5": "INT_TEST_002",
                "custom_string50": "Yes",
                "custom_string51": "2m",
                "custom_string52": "CREAPO",
                "custom_string54": "CDI",
                "custom_string55": "MHCS01",
                "custom_string56": "H00006",
                "custom_string6": "SEP_00",
                "custom_string8": "AG_01",
                "custom_string9": "HRSOR_IT2_005",
                "department": "Dpt_04338 [C50]",
                "division": "PC_050",
                "employee_class": "EMPLOYEECLASS_5",
                "emplStatus": "A",
                "end_date": "9999-12-31",
                "event": "5",
                "event_reason": "DTCH",
                "excl_executive_sector": "false",
                "fte": "1.0",
                "is_cross_border_worker": "false",
                "is_eligible_for_benefit": "false",
                "is_eligible_for_car": "false",
                "is_fulltime_employee": "true",
                "is_primary": "false",
                "is_shift_employee": "false",
                "job_code": "GJ_IT2_005",
                "job_title": "Integration Test Position 002",
                "last_modified_by": "SFADMIN",
                "last_modified_on": "2021-07-25T14:57:44.000Z",
                "location": "LOC_3891",
                "manager_employment_id": "10317",
                "manager_id": "MH_IT11500119",
                "manager_person_id": "10379",
                "manager_person_id_external": "MH_IT11500119",
                "position": "MH_P1000251",
                "positionEntryDate": "2021-07-05",
                "probation_period_end_date": "2021-12-31",
                "regular_temp": "regular-temp_2",
                "resident_vote": "false",
                "seq_number": "1",
                "shift_factor": "0.0",
                "shift_rate": "0.0",
                "standard_hours": "0.0",
                "start_date": "2021-07-24",
                "timezone": "Europe/Paris",
                "workingDaysPerWeek": "0.0"
              },
              {
                "action": "NO CHANGE",
                "business_unit": "BS_WSS",
                "company": "C50",
                "company_territory_code": "FRA",
                "contract_type": "FA",
                "created_by": "adminrje",
                "created_on": "2021-07-16",
                "created_on_timestamp": "2021-07-16T13:54:27.000Z",
                "custom_date1": "2021-07-05",
                "custom_string11": "Prod",
                "custom_string12": "No",
                "custom_string13": "No",
                "custom_string14": "0",
                "custom_string17": "Local",
                "custom_string18": "Full Time",
                "custom_string19": "No",
                "custom_string2": "BSD_WSS",
                "custom_string23": "Paris",
                "custom_string27": "M",
                "custom_string28": "SDL1_IT2_C50",
                "custom_string29": "SDL2_IT2_C50",
                "custom_string3": "HRM",
                "custom_string30": "SDL3_IT2_C50",
                "custom_string31": "SDL4_IT2_C50",
                "custom_string32": "SDL5_IT2_C50",
                "custom_string33": "SDL6_IT2_C50",
                "custom_string34": "SDL7_IT2_C50",
                "custom_string38": "ASSISTANT(E) 1 JUNIOR",
                "custom_string39": "CodeClassif1",
                "custom_string4": "HRM_03",
                "custom_string40": "CoeffClassifEmploi01",
                "custom_string41": "CC_IT2_TRAVEL",
                "custom_string42": "VCK",
                "custom_string43": "No",
                "custom_string45": "AI",
                "custom_string49": "TEC",
                "custom_string5": "INT_TEST_002",
                "custom_string50": "Yes",
                "custom_string51": "2m",
                "custom_string52": "CREAPO",
                "custom_string54": "CDI",
                "custom_string55": "MHCS01",
                "custom_string56": "H00006",
                "custom_string6": "SEP_00",
                "custom_string8": "AG_01",
                "custom_string9": "HRSOR_IT2_005",
                "department": "Dpt_04338 [C50]",
                "division": "PC_050",
                "employee_class": "EMPLOYEECLASS_5",
                "emplStatus": "A",
                "end_date": "2021-07-23",
                "event": "H",
                "event_reason": "NEWHIRE",
                "excl_executive_sector": "false",
                "fte": "1.0",
                "is_cross_border_worker": "false",
                "is_eligible_for_benefit": "false",
                "is_eligible_for_car": "false",
                "is_fulltime_employee": "true",
                "is_primary": "false",
                "is_shift_employee": "false",
                "job_code": "GJ_IT2_005",
                "job_title": "Integration Test Position 002",
                "last_modified_by": "adminrje",
                "last_modified_on": "2021-07-16T13:54:27.000Z",
                "location": "LOC_7796",
                "manager_employment_id": "10317",
                "manager_id": "MH_IT11500119",
                "manager_person_id": "10379",
                "manager_person_id_external": "MH_IT11500119",
                "position": "MH_P1000251",
                "positionEntryDate": "2021-07-05",
                "probation_period_end_date": "2021-12-31",
                "regular_temp": "regular-temp_2",
                "resident_vote": "false",
                "seq_number": "1",
                "shift_factor": "0.0",
                "shift_rate": "0.0",
                "standard_hours": "0.0",
                "start_date": "2021-07-05",
                "timezone": "Europe/Paris",
                "workingDaysPerWeek": "0.0"
              }
            ],
            "job_event_information": [
              {
                "action": "NO CHANGE",
                "created_on_timestamp": "2021-07-25T14:57:44.000Z",
                "event": "5",
                "event_date": "2021-07-24",
                "event_reason": "DTCH",
                "seq_number": "1"
              },
              {
                "action": "NO CHANGE",
                "created_on_timestamp": "2021-07-16T13:54:27.000Z",
                "event": "H",
                "event_date": "2021-07-05",
                "event_reason": "NEWHIRE",
                "seq_number": "1"
              }
            ],
            "compensation_information": {
              "action": "NO CHANGE",
              "created_by": "adminrje",
              "created_on_timestamp": "2021-07-16T13:54:27.000Z",
              "custom_string8": "No",
              "end_date": "9999-12-31",
              "event": "H",
              "event_reason": "NEWHIRE",
              "is_eligible_for_benefits": "false",
              "is_eligible_for_car": "false",
              "last_modified_by": "adminrje",
              "last_modified_on": "2021-07-16T13:54:27.000Z",
              "seq_number": "1",
              "start_date": "2021-07-05"
            },
            "compensation_event_information": {
              "action": "NO CHANGE",
              "created_on_timestamp": "2021-07-16T13:54:27.000Z",
              "event": "H",
              "event_date": "2021-07-05",
              "event_reason": "NEWHIRE",
              "seq_number": "1"
            }
          }]
        },
        "execution_timestamp": "2021-08-04T14:54:09.000Z",
        "version_id": "2105P0"
      },
      {
        "id": "10665",
        "person": {
          "action": "NO CHANGE",
          "created_by": "adminLDE",
          "created_on_timestamp": "2021-07-21T14:21:02.000Z",
          "last_modified_by": "adminLDE",
          "last_modified_on": "2021-07-21T14:21:02.000Z",
          "logon_user_id": "MH_IAM01",
          "logon_user_is_active": "true",
          "logon_user_name": "MH_IAM01",
          "per_person_uuid": "0F48F36C1F284053A6A3CACD97252FE3",
          "person_id": "10665",
          "person_id_external": "MH_IAM01",
          "personal_information": [{
            "action": "NO CHANGE",
            "created_by": "adminLDE",
            "created_on_timestamp": "2021-07-21T14:37:36.000Z",
            "custom_string1": "IAM01",
            "custom_string2": "Iam01",
            "end_date": "9999-12-31",
            "first_name": "Iam01",
            "formal_name": "Iam01 IAM01",
            "gender": "F",
            "is_overridden": "false",
            "last_modified_by": "adminLDE",
            "last_modified_on": "2021-07-21T14:37:36.000Z",
            "last_name": "IAM01",
            "nationality": "FRA",
            "start_date": "2021-01-01"
          }],
          "employment_information": [{
            "action": "CHANGE",
            "assignment_class": "ST",
            "assignmentIdExternal": "MH_IAM01",
            "created_by": "adminLDE",
            "created_on_timestamp": "2021-07-21T14:21:02.000Z",
            "custom_date1": "2021-01-01",
            "direct_reports": "0",
            "employment_id": "10589",
            "hiringNotCompleted": "false",
            "jobNumber": "1",
            "last_modified_by": "adminLDE",
            "last_modified_on": "2021-07-21T15:09:10.000Z",
            "originalStartDate": "2021-01-01",
            "start_date": "",
            "user_id": "MH_IAM01",
            "job_information": [
              {
                "action": "NO CHANGE",
                "business_unit": "BS_WSS",
                "calc_method_indicator": "false",
                "company": "C50",
                "company_territory_code": "FRA",
                "created_by": "SFADMIN",
                "created_on": "2021-07-27",
                "created_on_timestamp": "2021-07-27T01:01:04.000Z",
                "custom_date1": "2021-01-01",
                "custom_string11": "Prod",
                "custom_string12": "No",
                "custom_string13": "No",
                "custom_string14": "0",
                "custom_string19": "No",
                "custom_string2": "BSD_WSS",
                "custom_string23": "Cognac",
                "custom_string27": "M",
                "custom_string3": "DIG",
                "custom_string36": "GZ01",
                "custom_string4": "DIG_11",
                "custom_string6": "SEP_00",
                "custom_string8": "AG_01",
                "custom_string9": "HRSOR_IT2_005",
                "department": "Dpt_04342 [C50]",
                "division": "PC_050",
                "employee_class": "EMPLOYEECLASS_8",
                "emplStatus": "A",
                "end_date": "9999-12-31",
                "event": "5",
                "event_reason": "DTCH",
                "excl_executive_sector": "false",
                "fgts_optant": "false",
                "fte": "1.0",
                "hazard": "false",
                "health_risk": "false",
                "ineligible_statutory_min_wage": "false",
                "is_competition_clause_active": "false",
                "is_cross_border_worker": "false",
                "is_eligible_for_benefit": "false",
                "is_eligible_for_car": "false",
                "is_fulltime_employee": "true",
                "is_primary": "false",
                "is_shift_employee": "false",
                "is_side_line_job_allowed": "false",
                "job_title": "TEST IAM 2",
                "last_modified_by": "SFADMIN",
                "last_modified_on": "2021-07-27T01:01:04.000Z",
                "location": "LOC_3891",
                "manager_employment_id": "10693",
                "manager_id": "MH_IT11500142",
                "manager_person_id": "10769",
                "manager_person_id_external": "MH_IT11500142",
                "new_calc_avg_dnp": "false",
                "new_calc_avg_ppu": "false",
                "payment_in_lieu_of_notice": "false",
                "pcfm": "false",
                "pension_protection": "false",
                "permit_indicator": "false",
                "position": "MH_P1000409",
                "positionEntryDate": "2021-01-01",
                "regular_temp": "Regular-temp_4",
                "resident_vote": "false",
                "retired": "false",
                "seq_number": "1",
                "spcl_rule_non_manual_worker": "false",
                "start_date": "2021-07-27",
                "teachers_pension": "false",
                "timezone": "Europe/Paris",
                "working_time_directive": "false"
              },
              {
                "action": "NO CHANGE",
                "business_unit": "BS_WSS",
                "calc_method_indicator": "false",
                "company": "C50",
                "company_territory_code": "FRA",
                "created_by": "SFADMIN",
                "created_on": "2021-07-22",
                "created_on_timestamp": "2021-07-22T01:01:04.000Z",
                "custom_date1": "2021-01-01",
                "custom_string11": "Prod",
                "custom_string12": "No",
                "custom_string13": "No",
                "custom_string14": "0",
                "custom_string19": "No",
                "custom_string2": "BSD_WSS",
                "custom_string23": "Cognac",
                "custom_string27": "M",
                "custom_string3": "DIG",
                "custom_string36": "GZ01",
                "custom_string4": "DIG_11",
                "custom_string6": "SEP_00",
                "custom_string8": "AG_01",
                "custom_string9": "HRSOR_IT2_005",
                "department": "Dpt_04342 [C50]",
                "division": "PC_050",
                "employee_class": "EMPLOYEECLASS_8",
                "emplStatus": "A",
                "end_date": "2021-07-26",
                "event": "5",
                "event_reason": "DTCH",
                "excl_executive_sector": "false",
                "fgts_optant": "false",
                "fte": "1.0",
                "hazard": "false",
                "health_risk": "false",
                "ineligible_statutory_min_wage": "false",
                "is_competition_clause_active": "false",
                "is_cross_border_worker": "false",
                "is_eligible_for_benefit": "false",
                "is_eligible_for_car": "false",
                "is_fulltime_employee": "true",
                "is_primary": "false",
                "is_shift_employee": "false",
                "is_side_line_job_allowed": "false",
                "job_title": "TEST IAM 2",
                "last_modified_by": "SFADMIN",
                "last_modified_on": "2021-07-22T01:01:04.000Z",
                "location": "LOC_3891",
                "manager_id": "NO_MANAGER",
                "new_calc_avg_dnp": "false",
                "new_calc_avg_ppu": "false",
                "payment_in_lieu_of_notice": "false",
                "pcfm": "false",
                "pension_protection": "false",
                "permit_indicator": "false",
                "position": "MH_P1000409",
                "positionEntryDate": "2021-01-01",
                "regular_temp": "Regular-temp_4",
                "resident_vote": "false",
                "retired": "false",
                "seq_number": "1",
                "shift_factor": "0.0",
                "shift_rate": "0.0",
                "spcl_rule_non_manual_worker": "false",
                "standard_hours": "0.0",
                "start_date": "2021-07-22",
                "teachers_pension": "false",
                "timezone": "Europe/Paris",
                "working_time_directive": "false",
                "workingDaysPerWeek": "0.0"
              },
              {
                "action": "NO CHANGE",
                "business_unit": "BS_WSS",
                "calc_method_indicator": "false",
                "company": "C50",
                "company_territory_code": "FRA",
                "created_by": "adminLDE",
                "created_on": "2021-07-26",
                "created_on_timestamp": "2021-07-26T15:50:33.000Z",
                "custom_date1": "2021-01-01",
                "custom_string11": "Prod",
                "custom_string12": "No",
                "custom_string13": "Yes",
                "custom_string14": "0",
                "custom_string19": "No",
                "custom_string2": "BSD_WSS",
                "custom_string23": "Cognac",
                "custom_string27": "M",
                "custom_string3": "DIG",
                "custom_string36": "GZ01",
                "custom_string4": "DIG_11",
                "custom_string6": "SEP_00",
                "custom_string8": "AG_01",
                "custom_string9": "HRSOR_IT2_005",
                "department": "Dpt_04342 [C50]",
                "division": "PC_050",
                "employee_class": "EMPLOYEECLASS_8",
                "emplStatus": "A",
                "end_date": "2021-07-21",
                "event": "5",
                "event_reason": "DTCH",
                "excl_executive_sector": "false",
                "fgts_optant": "false",
                "fte": "1.0",
                "hazard": "false",
                "health_risk": "false",
                "ineligible_statutory_min_wage": "false",
                "is_competition_clause_active": "false",
                "is_cross_border_worker": "false",
                "is_eligible_for_benefit": "false",
                "is_eligible_for_car": "false",
                "is_fulltime_employee": "true",
                "is_primary": "false",
                "is_shift_employee": "false",
                "is_side_line_job_allowed": "false",
                "job_title": "TEST IAM 2",
                "last_modified_by": "adminLDE",
                "last_modified_on": "2021-07-26T15:50:33.000Z",
                "location": "LOC_3891",
                "manager_employment_id": "10693",
                "manager_id": "MH_IT11500142",
                "manager_person_id": "10769",
                "manager_person_id_external": "MH_IT11500142",
                "new_calc_avg_dnp": "false",
                "new_calc_avg_ppu": "false",
                "payment_in_lieu_of_notice": "false",
                "pcfm": "false",
                "pension_protection": "false",
                "permit_indicator": "false",
                "position": "MH_P1000409",
                "positionEntryDate": "2021-01-01",
                "regular_temp": "Regular-temp_4",
                "resident_vote": "false",
                "retired": "false",
                "seq_number": "2",
                "shift_factor": "0.0",
                "shift_rate": "0.0",
                "spcl_rule_non_manual_worker": "false",
                "standard_hours": "0.0",
                "start_date": "2021-01-01",
                "teachers_pension": "false",
                "timezone": "Europe/Paris",
                "working_time_directive": "false",
                "workingDaysPerWeek": "0.0"
              }
            ],
            "job_event_information": [
              {
                "action": "NO CHANGE",
                "created_on_timestamp": "2021-07-27T01:01:04.000Z",
                "event": "5",
                "event_date": "2021-07-27",
                "event_reason": "DTCH",
                "seq_number": "1"
              },
              {
                "action": "NO CHANGE",
                "created_on_timestamp": "2021-07-22T01:01:04.000Z",
                "event": "5",
                "event_date": "2021-07-22",
                "event_reason": "DTCH",
                "seq_number": "1"
              },
              {
                "action": "NO CHANGE",
                "created_on_timestamp": "2021-07-26T15:50:33.000Z",
                "event": "5",
                "event_date": "2021-01-01",
                "event_reason": "DTCH",
                "seq_number": "2"
              },
              {
                "action": "DELETE",
                "created_on_timestamp": "2021-07-21T15:09:10.000Z",
                "event": "H",
                "event_date": "2021-01-01",
                "event_reason": "HIRE"
              },
              {
                "action": "INSERT",
                "created_on_timestamp": "2021-07-21T15:09:10.000Z",
                "event": "H",
                "event_date": "2021-01-01",
                "event_reason": "HIRE_MOB",
                "seq_number": "1"
              }
            ]
          }]
        },
        "execution_timestamp": "2021-08-04T14:54:09.000Z",
        "version_id": "2105P0"
      }
    ]
  }
}