<?xml version='1.0' encoding='UTF-8'?>
<Employee>
    <Employee>
        <person>
            <action>CHANGE</action>
            <logon_user_name>MH_IT11500213</logon_user_name>
            <person_id_external></person_id_external>
            <personal_information>
                <action>NO CHANGE</action>
                <custom_date1>1974-09-05</custom_date1>
                <custom_string1>TEST ZZZ</custom_string1>
                <custom_string2>Talent</custom_string2>
                <custom_string3>664</custom_string3>
                <first_name>Talent</first_name>
                <gender>F</gender>
                <last_name>TEST ZZZ</last_name>
                <nationality>FRA</nationality>
                <start_date>2021-01-01</start_date>
            </personal_information>
            <phone_information>
                <action>NO CHANGE</action>
                <country_code>0033</country_code>
                <isPrimary>true</isPrimary>
                <phone_number>98786576890</phone_number>
                <phone_type>6724</phone_type>
            </phone_information>
            <email_information>
                <action>NO CHANGE</action>
                <email_address>test@test.com</email_address>
                <email_type>6717</email_type>
                <isPrimary>true</isPrimary>
            </email_information>
            <employment_information>
                <action>INSERT</action>
                <custom_date1>2021-01-01</custom_date1>
                <custom_string1>6838</custom_string1>
                <custom_string7>Onboardee</custom_string7>
                <originalStartDate>2021-01-01</originalStartDate>
                <start_date>2021-01-01</start_date>
                <user_id>MH_IT11500213</user_id>
                <job_information>
                    <action>INSERT</action>
                    <company>E88</company>
                    <custom_date1>2021-01-01</custom_date1>
                    <custom_string18>6761</custom_string18>
                    <custom_string41>CC_00837 [Dpt_02070]</custom_string41>
                    <custom_string43>No</custom_string43>
                    <custom_string50>No</custom_string50>
                    <custom_string99>P1564633</custom_string99>
                    <employee_class>7246</employee_class>
                    <event_reason>HIRE</event_reason>
                    <fte>1.0</fte>
                    <local_job_title>test interface LVMHtalent</local_job_title>
                    <manager_id>MH0001922</manager_id>
                    <position>E88_P_MHP1000484</position>
                    <regular_temp>6841</regular_temp>
                    <start_date>2021-01-01</start_date>
                    <timezone>Europe/Paris</timezone>
                </job_information>
                <compensation_information>
                    <created_by>adminLDE</created_by>
                    <created_on_timestamp>2021-09-08T19:05:28.000Z</created_on_timestamp>
                    <event>H</event>
                    <event_reason>HIRE</event_reason>
                    <last_modified_by>adminLDE</last_modified_by>
                    <last_modified_on>2021-09-10T15:30:15.000Z</last_modified_on>
                    <seq_number>1</seq_number>
                    <paycompensation_recurring>
                        <action>CHANGE</action>
                        <annualizationFactor>1.0</annualizationFactor>
                        <created_by>adminLDE</created_by>
                        <created_on_timestamp>2021-09-08T19:05:28.000Z</created_on_timestamp>
                        <currency_code>EUR</currency_code>
                        <custom_string1>650</custom_string1>
                        <custom_string1_previous/>
                        <frequency>ANN</frequency>
                        <is_target>false</is_target>
                        <last_modified_by>adminLDE</last_modified_by>
                        <last_modified_on>2021-09-10T15:30:15.000Z</last_modified_on>
                        <pay_component>ABS</pay_component>
                        <pay_component_type>AMOUNT</pay_component_type>
                        <paycompvalue>1.0</paycompvalue>
                        <seq_number>1</seq_number>
                        <start_date>2021-01-01</start_date>
                    </paycompensation_recurring>
                </compensation_information>
            </employment_information>
        </person>
    </Employee>
</Employee>