{
  "FOLocation": [
    {
      "FOLocation": [
        {
          "lastModifiedDateTime": "2018-05-30T10:47:55.000",
          "externalCode": "TestPI_6386 [C83]",
          "endDate": "9999-12-31T00:00:00.000",
          "timezone": "",
          "lastModifiedBy": "SCHA",
          "addressNavDEFLT": {
            "FOCorporateAddressDEFLT": {
              "country": "FRA",
              "zipCode": "75007",
              "lastModifiedDateTime": "2018-05-30T10:47:55.000",
              "address3": "",
              "address2": "",
              "city": "Paris",
              "endDate": "9999-12-31T00:00:00.000",
              "address1": "24 rue de Sèvres",
              "lastModifiedBy": "SCHA",
              "county": "",
              "createdDateTime": "2018-05-29T18:53:46.000",
              "customString2": "",
              "createdOn": "2018-05-29T18:53:46.000",
              "addressId": "88476",
              "lastModifiedOn": "2018-05-30T10:47:55.000",
              "customString1": "",
              "province": "",
              "createdBy": "SCHA",
              "state": "",
              "startDate": "1900-01-01T00:00:00.000"
            }
          },
          "createdDateTime": "2018-05-29T18:53:46.000",
          "description": "",
          "createdOn": "2018-05-29T18:53:46.000",
          "lastModifiedOn": "2018-05-30T10:47:55.000",
          "customString1": "Paris",
          "createdBy": "SCHA",
          "name": "France_ Bon Marché (Paris) [C83]",
          "companyFlxNav": {
            "FOCompany": {
              "name_ru_RU": "Kenzo",
              "country": "FRA",
              "description_ja_JP": "",
              "lastModifiedDateTime": "2020-02-05T12:32:45.000",
              "name_localized": "Kenzo",
              "externalCode": "C83",
              "description_fr_FR": "",
              "cust_areaGroup": "AG_01",
              "endDate": "9999-12-31T00:00:00.000",
              "cust_ESSAccess": "Yes",
              "name_it_IT": "Kenzo",
              "createdDateTime": "2016-08-12T15:14:07.000",
              "description": "",
              "name_fr_FR": "Kenzo",
              "name_ja_JP": "Kenzo",
              "createdOn": "2016-08-12T15:14:07.000",
              "name_en_US": "Kenzo",
              "description_es_ES": "",
              "cust_financeCode": "6D10",
              "currency": "EUR",
              "cust_areaSubCompany": "",
              "name_zh_CN": "Kenzo",
              "cust_ParentCompanyAssociationProp": "PC_005",
              "name_defaultValue": "Kenzo",
              "description_en_GB": "",
              "lastModifiedBy": "CPAL",
              "cust_isCompanyInterfacedOrMaster": "Slave_Interfaced",
              "description_defaultValue": "",
              "name_en_GB": "Kenzo",
              "cust_phoneCountryCode": "",
              "cust_legalEntityName": "EC_Comp_Leg_0103",
              "cust_areaCompany": "AS_00144",
              "lastModifiedOn": "2020-02-05T12:32:45.000",
              "description_zh_CN": "",
              "createdBy": "adminox",
              "name": "Kenzo",
              "name_es_ES": "Kenzo",
              "description_en_US": "",
              "description_localized": "",
              "cust_officialLanguage": "fr_FR",
              "startDate": "1900-01-01T00:00:00.000",
              "defaultLocation": "",
              "description_it_IT": "",
              "description_ru_RU": "",
              "status": "A"
            }
          },
          "startDate": "1900-01-01T00:00:00.000",
          "status": "A"
        }
      ]
    }
  ]
}