{
  "FOLocation": {
    "FOLocation": [
      {
        "lastModifiedDateTime": "2021-08-12T09:10:54.000",
        "externalCode": "LOC_5794 [J02]",
        "endDate": "9999-12-31T00:00:00.000",
        "timezone": "Australia/Melbourne",
        "lastModifiedBy": "adminLDE",
        "addressNavDEFLT": {
          "FOCorporateAddressDEFLT": {
            "country": "AUS",
            "zipCode": "QLD 4000",
            "lastModifiedDateTime": "2021-08-12T09:10:54.000",
            "address3": "",
            "address2": "",
            "city": "Brisbane",
            "endDate": "9999-12-31T00:00:00.000",
            "address1": "\"310 Edward Street  WeWork\"",
            "lastModifiedBy": "adminLDE",
            "county": "",
            "createdDateTime": "2021-08-04T16:25:33.000",
            "customString2": "",
            "createdOn": "2021-08-04T16:25:33.000",
            "addressId": "1406",
            "lastModifiedOn": "2021-08-12T09:10:54.000",
            "customString1": "",
            "province": "",
            "createdBy": "adminLDE",
            "state": "",
            "startDate": "2021-08-01T00:00:00.000"
          }
        },
        "createdDateTime": "2021-08-04T16:25:33.000",
        "description": "",
        "customString2": "",
        "createdOn": "2021-08-04T16:25:33.000",
        "lastModifiedOn": "2021-08-12T09:10:54.000",
        "customString1": "Brisbane",
        "createdBy": "adminLDE",
        "name": "Australia_Brisbane _(Brisbane)[J02]",
        "geozoneFlx": "",
        "companyFlxNav":"",
        "startDate": "2021-08-01T00:00:00.000",
        "status": "A"
      },
      {
        "lastModifiedDateTime": "2021-08-12T09:10:54.000",
        "externalCode": "LOC_5794 [J02]",
        "endDate": "9999-12-31T00:00:00.000",
        "timezone": "Australia/Melbourne",
        "lastModifiedBy": "adminLDE",
        "addressNavDEFLT": {
          "FOCorporateAddressDEFLT": {
            "country": "AUS",
            "zipCode": "QLD 4000",
            "lastModifiedDateTime": "2021-08-12T09:10:54.000",
            "address3": "",
            "address2": "",
            "city": "Brisbane",
            "endDate": "9999-12-31T00:00:00.000",
            "address1": "\"310 Edward Street  WeWork\"",
            "lastModifiedBy": "adminLDE",
            "county": "",
            "createdDateTime": "2021-08-04T16:25:33.000",
            "customString2": "",
            "createdOn": "2021-08-04T16:25:33.000",
            "addressId": "1406",
            "lastModifiedOn": "2021-08-12T09:10:54.000",
            "customString1": "",
            "province": "",
            "createdBy": "adminLDE",
            "state": "",
            "startDate": "2021-08-01T00:00:00.000"
          }
        },
        "createdDateTime": "2021-08-04T16:25:33.000",
        "description": "",
        "customString2": "",
        "createdOn": "2021-08-04T16:25:33.000",
        "lastModifiedOn": "2021-08-12T09:10:54.000",
        "customString1": "Brisbane",
        "createdBy": "adminLDE",
        "name": "Australia_Brisbane _(Brisbane)[J02]",
        "geozoneFlx": "",
        "companyFlxNav":"",
        "startDate": "2021-08-01T00:00:00.000",
        "status": "A"
      },  {
        "lastModifiedDateTime": "2021-08-12T09:10:54.000",
        "externalCode": "LOC_5794 [J02]",
        "endDate": "9999-12-31T00:00:00.000",
        "timezone": "Australia/Melbourne",
        "lastModifiedBy": "adminLDE",
        "addressNavDEFLT": {
          "FOCorporateAddressDEFLT": {
            "country": "AUS",
            "zipCode": "QLD 4000",
            "lastModifiedDateTime": "2021-08-12T09:10:54.000",
            "address3": "",
            "address2": "",
            "city": "Brisbane",
            "endDate": "9999-12-31T00:00:00.000",
            "address1": "\"310 Edward Street  WeWork\"",
            "lastModifiedBy": "adminLDE",
            "county": "",
            "createdDateTime": "2021-08-04T16:25:33.000",
            "customString2": "",
            "createdOn": "2021-08-04T16:25:33.000",
            "addressId": "1406",
            "lastModifiedOn": "2021-08-12T09:10:54.000",
            "customString1": "",
            "province": "",
            "createdBy": "adminLDE",
            "state": "",
            "startDate": "2021-08-01T00:00:00.000"
          }
        },
        "createdDateTime": "2021-08-04T16:25:33.000",
        "description": "",
        "customString2": "",
        "createdOn": "2021-08-04T16:25:33.000",
        "lastModifiedOn": "2021-08-12T09:10:54.000",
        "customString1": "Brisbane",
        "createdBy": "adminLDE",
        "name": "Australia_Brisbane _(Brisbane)[J02]",
        "geozoneFlx": "",
        "companyFlxNav":"",
        "startDate": "2021-08-01T00:00:00.000",
        "status": "A"
      }


    ]
  }
}