{
  "FOLocation": {
    "FOLocation": [
      {
        "lastModifiedDateTime": "2021-08-02T14:39:34.000",
        "externalCode": "LOC_9990 [LDE04]",
        "endDate": "2021-08-11T00:00:00.000",
        "timezone": "Europe/Paris",
        "lastModifiedBy": "adminLDE",
        "addressNavDEFLT": {
          "FOCorporateAddressDEFLT": {
            "country": "DEU",
            "zipCode": "",
            "lastModifiedDateTime": "2021-08-02T14:39:34.000",
            "address3": "",
            "address2": "",
            "city": "",
            "endDate": "2021-08-11T00:00:00.000",
            "address1": "",
            "lastModifiedBy": "adminLDE",
            "county": "",
            "createdDateTime": "2021-08-02T14:16:42.000",
            "customString2": "",
            "createdOn": "2021-08-02T14:16:42.000",
            "addressId": "1374",
            "lastModifiedOn": "2021-08-02T14:39:34.000",
            "customString1": "",
            "province": "",
            "createdBy": "adminLDE",
            "state": "",
            "startDate": "2021-07-20T00:00:00.000"
          }
        },
        "createdDateTime": "2021-08-02T14:16:42.000",
        "description": "",
        "customString2": "",
        "createdOn": "2021-08-02T14:16:42.000",
        "lastModifiedOn": "2021-08-02T14:39:34.000",
        "customString1": "Paris",
        "createdBy": "adminLDE",
        "name": "TEST LOC LDE2",
        "geozoneFlx": "",
        "companyFlxNav": "",
        "startDate": "2021-07-20T00:00:00.000",
        "status": "A"
      },
      {
        "lastModifiedDateTime": "2021-08-12T09:10:54.000",
        "externalCode": "LOC_5794 [J02]",
        "endDate": "9999-12-31T00:00:00.000",
        "timezone": "Australia/Melbourne",
        "lastModifiedBy": "adminLDE",
        "addressNavDEFLT": {
          "FOCorporateAddressDEFLT": {
            "country": "AUS",
            "zipCode": "QLD 4000",
            "lastModifiedDateTime": "2021-08-12T09:10:54.000",
            "address3": "",
            "address2": "",
            "city": "Brisbane",
            "endDate": "9999-12-31T00:00:00.000",
            "address1": "\"310 Edward Street  WeWork\"",
            "lastModifiedBy": "adminLDE",
            "county": "",
            "createdDateTime": "2021-08-04T16:25:33.000",
            "customString2": "",
            "createdOn": "2021-08-04T16:25:33.000",
            "addressId": "1406",
            "lastModifiedOn": "2021-08-12T09:10:54.000",
            "customString1": "",
            "province": "",
            "createdBy": "adminLDE",
            "state": "",
            "startDate": "2021-08-01T00:00:00.000"
          }
        },
        "createdDateTime": "2021-08-04T16:25:33.000",
        "description": "",
        "customString2": "",
        "createdOn": "2021-08-04T16:25:33.000",
        "lastModifiedOn": "2021-08-12T09:10:54.000",
        "customString1": "Brisbane",
        "createdBy": "adminLDE",
        "name": "Australia_Brisbane _(Brisbane)[J02]",
        "geozoneFlx": "",
        "companyFlxNav": {
          "FOCompany": {
            "cust_MHCluster": "",
            "name_ru_RU": "",
            "country": "AUS",
            "lastModifiedDateTime": "2021-06-23T09:43:30.000",
            "name_localized": "Moët Hennessy Australia",
            "externalCode": "J02",
            "endDate": "9999-12-31T00:00:00.000",
            "name_pt_PT": "",
            "cust_ESSAccess": "Yes",
            "name_it_IT": "Moët Hennessy Australia",
            "createdDateTime": "2021-01-18T06:33:57.000",
            "name_fr_FR": "Moët Hennessy Australia",
            "name_en_DEBUG": "Moët Hennessy Australia",
            "name_ja_JP": "",
            "createdOn": "2021-01-18T06:33:57.000",
            "name_en_US": "Moët Hennessy Australia",
            "currency": "AUD",
            "name_zh_CN": "",
            "cust_ParentCompanyAssociationProp": "PC_130",
            "name_defaultValue": "Moët Hennessy Australia",
            "lastModifiedBy": "adminhhe",
            "cust_isCompanyInterfacedOrMaster": "Slave_not_Interfaced",
            "name_en_GB": "Moët Hennessy Australia",
            "cust_phoneCountryCode": "",
            "cust_legalEntityName": "EC_Comp_Leg_0705",
            "cust_areaCompany": "AS_00002",
            "lastModifiedOn": "2021-06-23T09:43:30.000",
            "cust_PleaidesCode": "",
            "name_de_DE": "",
            "createdBy": "adminrje",
            "name": "Moët Hennessy Australia",
            "name_es_ES": "",
            "cust_officialLanguage": "en_GB",
            "startDate": "1900-01-01T00:00:00.000",
            "cust_PleiadesLevel2ID": "",
            "defaultLocation": "",
            "status": "A"
          }
        },
        "startDate": "2021-08-01T00:00:00.000",
        "status": "A"
      },
      {
        "lastModifiedDateTime": "2021-08-12T09:16:27.000",
        "externalCode": "LOC_9990 [LDE04]",
        "endDate": "9999-12-31T00:00:00.000",
        "timezone": "Europe/Paris",
        "lastModifiedBy": "adminLDE",
        "addressNavDEFLT": {
          "FOCorporateAddressDEFLT": {
            "country": "DEU",
            "zipCode": "0001",
            "lastModifiedDateTime": "2021-08-12T09:16:27.000",
            "address3": "",
            "address2": "TEST",
            "city": "TEST",
            "endDate": "9999-12-31T00:00:00.000",
            "address1": "TEST",
            "lastModifiedBy": "adminLDE",
            "county": "",
            "createdDateTime": "2021-08-12T09:16:27.000",
            "customString2": "",
            "createdOn": "2021-08-12T09:16:27.000",
            "addressId": "1457",
            "lastModifiedOn": "2021-08-12T09:16:27.000",
            "customString1": "",
            "province": "",
            "createdBy": "adminLDE",
            "state": "",
            "startDate": "2021-08-12T00:00:00.000"
          }
        },
        "createdDateTime": "2021-08-12T09:16:27.000",
        "description": "",
        "customString2": "",
        "createdOn": "2021-08-12T09:16:27.000",
        "lastModifiedOn": "2021-08-12T09:16:27.000",
        "customString1": "Paris",
        "createdBy": "adminLDE",
        "name": "TEST LOC LDE2",
        "geozoneFlx": "",
        "companyFlxNav": "",
        "startDate": "2021-08-12T00:00:00.000",
        "status": "A"
      },
      {
        "lastModifiedDateTime": "2021-08-12T09:09:55.000",
        "externalCode": "LOC_5808 [E62]",
        "endDate": "9999-12-31T00:00:00.000",
        "timezone": "Asia/Singapore",
        "lastModifiedBy": "adminLDE",
        "addressNavDEFLT": {
          "FOCorporateAddressDEFLT": {
            "country": "SGP",
            "zipCode": "",
            "lastModifiedDateTime": "2021-08-12T09:09:55.000",
            "address3": "",
            "address2": "",
            "city": "",
            "endDate": "9999-12-31T00:00:00.000",
            "address1": "",
            "lastModifiedBy": "adminLDE",
            "county": "",
            "createdDateTime": "2021-01-19T17:49:30.000",
            "customString2": "",
            "createdOn": "2021-01-19T17:49:30.000",
            "addressId": "830",
            "lastModifiedOn": "2021-08-12T09:09:55.000",
            "customString1": "",
            "province": "",
            "createdBy": "adminrje",
            "state": "",
            "startDate": "1900-01-01T00:00:00.000"
          }
        },
        "createdDateTime": "2021-01-19T17:49:30.000",
        "description": "",
        "customString2": "",
        "createdOn": "2021-01-19T17:49:30.000",
        "lastModifiedOn": "2021-08-12T09:09:55.000",
        "customString1": "Singapore",
        "createdBy": "adminrje",
        "name": "Singapore_UE Square _(Singapore) [E62]",
        "geozoneFlx": "",
        "companyFlxNav": {
          "FOCompany": {
            "cust_MHCluster": "",
            "name_ru_RU": "",
            "country": "SGP",
            "lastModifiedDateTime": "2021-06-23T09:43:29.000",
            "name_localized": "Moët Hennessy AP Singapore",
            "externalCode": "E62",
            "endDate": "9999-12-31T00:00:00.000",
            "name_pt_PT": "",
            "cust_ESSAccess": "Yes",
            "name_it_IT": "Moët Hennessy AP Singapore",
            "createdDateTime": "2021-01-18T06:33:57.000",
            "name_fr_FR": "Moët Hennessy AP Singapore",
            "name_en_DEBUG": "Moët Hennessy AP Singapore",
            "name_ja_JP": "",
            "createdOn": "2021-01-18T06:33:57.000",
            "name_en_US": "Moët Hennessy AP Singapore",
            "currency": "SGD",
            "name_zh_CN": "",
            "cust_ParentCompanyAssociationProp": "PC_130",
            "name_defaultValue": "Moët Hennessy AP Singapore",
            "lastModifiedBy": "adminhhe",
            "cust_isCompanyInterfacedOrMaster": "Slave_not_Interfaced",
            "name_en_GB": "Moët Hennessy AP Singapore",
            "cust_phoneCountryCode": "",
            "cust_legalEntityName": "EC_Comp_Leg_0702",
            "cust_areaCompany": "AS_00002",
            "lastModifiedOn": "2021-06-23T09:43:29.000",
            "cust_PleaidesCode": "",
            "name_de_DE": "",
            "createdBy": "adminrje",
            "name": "Moët Hennessy AP Singapore",
            "name_es_ES": "",
            "cust_officialLanguage": "en_GB",
            "startDate": "1900-01-01T00:00:00.000",
            "cust_PleiadesLevel2ID": "",
            "defaultLocation": "",
            "status": "A"
          }
        },
        "startDate": "1900-01-01T00:00:00.000",
        "status": "A"
      }
    ]
  }
}