<batchPartResponse>
    <batchChangeSetResponse>
        <batchChangeSetPartResponse>
            <headers>
                <Accept></Accept>
                <Accept-Language></Accept-Language>
                <Content-Length>662</Content-Length>
                <DataServiceVersion>1.0</DataServiceVersion>
                <Content-Type>application/atom+xml;charset=utf-8</Content-Type>
            </headers>
            <statusInfo>OK</statusInfo>
            <contentId/>
            <body><UpsertResponses><FOLocation><key>FOLocation/externalCode=LOC_6386 [C83],FOLocation/startDate=1900-01-01T00:00:00.000Z</key><status>OK</status><editStatus>UPSERTED</editStatus><message null="true"/><index type="Edm.Int32">0</index><httpCode type="Edm.Int32">200</httpCode><inlineResults type="Bag(SFOData.UpsertResult)"/></FOLocation></UpsertResponses></body>
            <statusCode>200</statusCode>
        </batchChangeSetPartResponse>
        <batchChangeSetPartResponse>
            <headers>
                <Accept></Accept>
                <Accept-Language></Accept-Language>
                <Content-Length>662</Content-Length>
                <DataServiceVersion>1.0</DataServiceVersion>
                <Content-Type>application/atom+xml;charset=utf-8</Content-Type>
            </headers>
            <statusInfo>OK</statusInfo>
            <contentId/>
            <body><UpsertResponses><FOLocation><key>FOLocation/externalCode=LOC_7777 [A67],FOLocation/startDate=1900-01-01T00:00:00.000Z</key><status>OK</status><editStatus>UPSERTED</editStatus><message null="true"/><index type="Edm.Int32">0</index><httpCode type="Edm.Int32">200</httpCode><inlineResults type="Bag(SFOData.UpsertResult)"/></FOLocation></UpsertResponses></body>
            <statusCode>200</statusCode>
        </batchChangeSetPartResponse>
    </batchChangeSetResponse>
</batchPartResponse>