<Background_Education>
    <Background_Education>
        <country>113</country>
        <userIdNav/>
        <partnership/>
        <major/>
        <lastModifiedDate>2021-09-08T09:29:15.000</lastModifiedDate>
        <school>11136</school>
        <degree>6961</degree>
        <bgOrderPos>1</bgOrderPos>
        <backgroundElementId>4530839438</backgroundElementId>
        <educationYear>1986</educationYear>
        <userId>1031875</userId>
    </Background_Education>
    <Background_Education>
        <country>113</country>
        <userIdNav/>
        <partnership/>
        <major/>
        <lastModifiedDate>2021-09-08T09:29:15.000</lastModifiedDate>
        <school>11136</school>
        <degree>6956</degree>
        <bgOrderPos>1</bgOrderPos>
        <backgroundElementId>4530839439</backgroundElementId>
        <educationYear>2006</educationYear>
        <userId>1031879</userId>
    </Background_Education>
    <Background_Education>
        <country>113</country>
        <userIdNav/>
        <partnership/>
        <major/>
        <lastModifiedDate>2021-09-08T09:29:15.000</lastModifiedDate>
        <school>11136</school>
        <degree>6959</degree>
        <bgOrderPos>2</bgOrderPos>
        <backgroundElementId>4530839440</backgroundElementId>
        <educationYear>2007</educationYear>
        <userId>1031879</userId>
    </Background_Education>
    <Background_Education>
        <country>113</country>
        <userIdNav/>
        <partnership/>
        <major/>
        <lastModifiedDate>2021-09-08T09:29:15.000</lastModifiedDate>
        <school>11136</school>
        <degree>6959</degree>
        <bgOrderPos>3</bgOrderPos>
        <backgroundElementId>4530839441</backgroundElementId>
        <educationYear>2008</educationYear>
        <userId>1031879</userId>
    </Background_Education>
    <Background_Education>
        <country>113</country>
        <userIdNav/>
        <partnership/>
        <major/>
        <lastModifiedDate>2021-09-08T12:43:54.000</lastModifiedDate>
        <school>11136</school>
        <degree>6961</degree>
        <bgOrderPos>2</bgOrderPos>
        <backgroundElementId>4530839443</backgroundElementId>
        <educationYear>1986</educationYear>
        <userId>1031875</userId>
    </Background_Education>
    <Background_Education>
        <country>113</country>
        <userIdNav/>
        <partnership/>
        <major/>
        <lastModifiedDate>2021-09-08T12:43:54.000</lastModifiedDate>
        <school>11136</school>
        <degree>6956</degree>
        <bgOrderPos>4</bgOrderPos>
        <backgroundElementId>4530839444</backgroundElementId>
        <educationYear>2006</educationYear>
        <userId>1031879</userId>
    </Background_Education>
    <Background_Education>
        <country>113</country>
        <userIdNav/>
        <partnership/>
        <major/>
        <lastModifiedDate>2021-09-08T12:43:55.000</lastModifiedDate>
        <school>11136</school>
        <degree>6959</degree>
        <bgOrderPos>5</bgOrderPos>
        <backgroundElementId>4530839445</backgroundElementId>
        <educationYear>2007</educationYear>
        <userId>1031879</userId>
    </Background_Education>
    <Background_Education>
        <country>113</country>
        <userIdNav/>
        <partnership/>
        <major/>
        <lastModifiedDate>2021-09-08T12:43:55.000</lastModifiedDate>
        <school>11136</school>
        <degree>6959</degree>
        <bgOrderPos>6</bgOrderPos>
        <backgroundElementId>4530839446</backgroundElementId>
        <educationYear>2008</educationYear>
        <userId>1031879</userId>
    </Background_Education>
    <Background_Education>
        <country>113</country>
        <userIdNav/>
        <partnership/>
        <major/>
        <lastModifiedDate>2021-09-08T12:44:23.000</lastModifiedDate>
        <school>11136</school>
        <degree>6961</degree>
        <bgOrderPos>3</bgOrderPos>
        <backgroundElementId>4530839448</backgroundElementId>
        <educationYear>1986</educationYear>
        <userId>1031875</userId>
    </Background_Education>
    <Background_Education>
        <country>113</country>
        <userIdNav/>
        <partnership/>
        <major/>
        <lastModifiedDate>2021-09-08T12:44:23.000</lastModifiedDate>
        <school>11136</school>
        <degree>6956</degree>
        <bgOrderPos>7</bgOrderPos>
        <backgroundElementId>4530839449</backgroundElementId>
        <educationYear>2006</educationYear>
        <userId>1031879</userId>
    </Background_Education>
    <Background_Education>
        <country>113</country>
        <userIdNav/>
        <partnership/>
        <major/>
        <lastModifiedDate>2021-09-08T12:44:23.000</lastModifiedDate>
        <school>11136</school>
        <degree>6959</degree>
        <bgOrderPos>8</bgOrderPos>
        <backgroundElementId>4530839450</backgroundElementId>
        <educationYear>2007</educationYear>
        <userId>1031879</userId>
    </Background_Education>
    <Background_Education>
        <country>113</country>
        <userIdNav/>
        <partnership/>
        <major/>
        <lastModifiedDate>2021-09-08T12:44:23.000</lastModifiedDate>
        <school>11136</school>
        <degree>6959</degree>
        <bgOrderPos>9</bgOrderPos>
        <backgroundElementId>4530839451</backgroundElementId>
        <educationYear>2008</educationYear>
        <userId>1031879</userId>
    </Background_Education>
    <Background_Education>
        <country>113</country>
        <userIdNav/>
        <partnership/>
        <major/>
        <lastModifiedDate>2021-09-08T12:49:45.000</lastModifiedDate>
        <school>11136</school>
        <degree>6961</degree>
        <bgOrderPos>4</bgOrderPos>
        <backgroundElementId>4530839453</backgroundElementId>
        <educationYear>1986</educationYear>
        <userId>1031875</userId>
    </Background_Education>
    <Background_Education>
        <country>113</country>
        <userIdNav/>
        <partnership/>
        <major/>
        <lastModifiedDate>2021-09-08T12:49:46.000</lastModifiedDate>
        <school>11136</school>
        <degree>6956</degree>
        <bgOrderPos>10</bgOrderPos>
        <backgroundElementId>4530839454</backgroundElementId>
        <educationYear>2006</educationYear>
        <userId>1031879</userId>
    </Background_Education>
    <Background_Education>
        <country>113</country>
        <userIdNav/>
        <partnership/>
        <major/>
        <lastModifiedDate>2021-09-08T12:49:46.000</lastModifiedDate>
        <school>11136</school>
        <degree>6959</degree>
        <bgOrderPos>11</bgOrderPos>
        <backgroundElementId>4530839455</backgroundElementId>
        <educationYear>2007</educationYear>
        <userId>1031879</userId>
    </Background_Education>
    <Background_Education>
        <country>113</country>
        <userIdNav/>
        <partnership/>
        <major/>
        <lastModifiedDate>2021-09-08T12:49:46.000</lastModifiedDate>
        <school>11136</school>
        <degree>6959</degree>
        <bgOrderPos>12</bgOrderPos>
        <backgroundElementId>4530839456</backgroundElementId>
        <educationYear>2008</educationYear>
        <userId>1031879</userId>
    </Background_Education>
    <Background_Education>
        <country>113</country>
        <userIdNav/>
        <partnership/>
        <major/>
        <lastModifiedDate>2021-09-08T12:55:27.000</lastModifiedDate>
        <school>11136</school>
        <degree>6961</degree>
        <bgOrderPos>5</bgOrderPos>
        <backgroundElementId>4530839458</backgroundElementId>
        <educationYear>1986</educationYear>
        <userId>1031875</userId>
    </Background_Education>
    <Background_Education>
        <country>113</country>
        <userIdNav/>
        <partnership/>
        <major/>
        <lastModifiedDate>2021-09-08T12:55:27.000</lastModifiedDate>
        <school>11136</school>
        <degree>6956</degree>
        <bgOrderPos>13</bgOrderPos>
        <backgroundElementId>4530839459</backgroundElementId>
        <educationYear>2006</educationYear>
        <userId>1031879</userId>
    </Background_Education>
    <Background_Education>
        <country>113</country>
        <userIdNav/>
        <partnership/>
        <major/>
        <lastModifiedDate>2021-09-08T12:55:27.000</lastModifiedDate>
        <school>11136</school>
        <degree>6959</degree>
        <bgOrderPos>14</bgOrderPos>
        <backgroundElementId>4530839460</backgroundElementId>
        <educationYear>2007</educationYear>
        <userId>1031879</userId>
    </Background_Education>
    <Background_Education>
        <country>113</country>
        <userIdNav/>
        <partnership/>
        <major/>
        <lastModifiedDate>2021-09-08T12:55:27.000</lastModifiedDate>
        <school>11136</school>
        <degree>6959</degree>
        <bgOrderPos>15</bgOrderPos>
        <backgroundElementId>4530839461</backgroundElementId>
        <educationYear>2008</educationYear>
        <userId>1031879</userId>
    </Background_Education>
    <Background_Education>
        <country>113</country>
        <userIdNav/>
        <partnership/>
        <major/>
        <lastModifiedDate>2021-09-08T13:23:56.000</lastModifiedDate>
        <school>11136</school>
        <degree>6961</degree>
        <bgOrderPos>6</bgOrderPos>
        <backgroundElementId>4530839463</backgroundElementId>
        <educationYear>1986</educationYear>
        <userId>1031875</userId>
    </Background_Education>
    <Background_Education>
        <country>113</country>
        <userIdNav/>
        <partnership/>
        <major/>
        <lastModifiedDate>2021-09-08T13:23:56.000</lastModifiedDate>
        <school>11136</school>
        <degree>6956</degree>
        <bgOrderPos>16</bgOrderPos>
        <backgroundElementId>4530839464</backgroundElementId>
        <educationYear>2006</educationYear>
        <userId>1031879</userId>
    </Background_Education>
    <Background_Education>
        <country>113</country>
        <userIdNav/>
        <partnership/>
        <major/>
        <lastModifiedDate>2021-09-08T13:23:56.000</lastModifiedDate>
        <school>11136</school>
        <degree>6959</degree>
        <bgOrderPos>17</bgOrderPos>
        <backgroundElementId>4530839465</backgroundElementId>
        <educationYear>2007</educationYear>
        <userId>1031879</userId>
    </Background_Education>
    <Background_Education>
        <country>113</country>
        <userIdNav/>
        <partnership/>
        <major/>
        <lastModifiedDate>2021-09-08T13:23:56.000</lastModifiedDate>
        <school>11136</school>
        <degree>6959</degree>
        <bgOrderPos>18</bgOrderPos>
        <backgroundElementId>4530839466</backgroundElementId>
        <educationYear>2008</educationYear>
        <userId>1031879</userId>
    </Background_Education>
    <Background_Education>
        <country>113</country>
        <userIdNav/>
        <partnership/>
        <major/>
        <lastModifiedDate>2021-09-08T13:51:16.000</lastModifiedDate>
        <school>11136</school>
        <degree>6961</degree>
        <bgOrderPos>7</bgOrderPos>
        <backgroundElementId>4530839468</backgroundElementId>
        <educationYear>1986</educationYear>
        <userId>1031875</userId>
    </Background_Education>
    <Background_Education>
        <country>113</country>
        <userIdNav/>
        <partnership/>
        <major/>
        <lastModifiedDate>2021-09-08T13:51:16.000</lastModifiedDate>
        <school>11136</school>
        <degree>6956</degree>
        <bgOrderPos>19</bgOrderPos>
        <backgroundElementId>4530839469</backgroundElementId>
        <educationYear>2006</educationYear>
        <userId>1031879</userId>
    </Background_Education>
    <Background_Education>
        <country>113</country>
        <userIdNav/>
        <partnership/>
        <major/>
        <lastModifiedDate>2021-09-08T13:51:16.000</lastModifiedDate>
        <school>11136</school>
        <degree>6959</degree>
        <bgOrderPos>20</bgOrderPos>
        <backgroundElementId>4530839470</backgroundElementId>
        <educationYear>2007</educationYear>
        <userId>1031879</userId>
    </Background_Education>
    <Background_Education>
        <country>113</country>
        <userIdNav/>
        <partnership/>
        <major/>
        <lastModifiedDate>2021-09-08T13:51:16.000</lastModifiedDate>
        <school>11136</school>
        <degree>6959</degree>
        <bgOrderPos>21</bgOrderPos>
        <backgroundElementId>4530839471</backgroundElementId>
        <educationYear>2008</educationYear>
        <userId>1031879</userId>
    </Background_Education>
    <Background_Education>
        <country>113</country>
        <userIdNav/>
        <partnership/>
        <major/>
        <lastModifiedDate>2021-09-08T13:56:02.000</lastModifiedDate>
        <school>11136</school>
        <degree>6961</degree>
        <bgOrderPos>8</bgOrderPos>
        <backgroundElementId>4530839473</backgroundElementId>
        <educationYear>1986</educationYear>
        <userId>1031875</userId>
    </Background_Education>
    <Background_Education>
        <country>113</country>
        <userIdNav/>
        <partnership/>
        <major/>
        <lastModifiedDate>2021-09-08T13:56:02.000</lastModifiedDate>
        <school>11136</school>
        <degree>6956</degree>
        <bgOrderPos>22</bgOrderPos>
        <backgroundElementId>4530839474</backgroundElementId>
        <educationYear>2006</educationYear>
        <userId>1031879</userId>
    </Background_Education>
    <Background_Education>
        <country>113</country>
        <userIdNav/>
        <partnership/>
        <major/>
        <lastModifiedDate>2021-09-08T13:56:02.000</lastModifiedDate>
        <school>11136</school>
        <degree>6959</degree>
        <bgOrderPos>23</bgOrderPos>
        <backgroundElementId>4530839475</backgroundElementId>
        <educationYear>2007</educationYear>
        <userId>1031879</userId>
    </Background_Education>
    <Background_Education>
        <country>113</country>
        <userIdNav/>
        <partnership/>
        <major/>
        <lastModifiedDate>2021-09-08T13:56:02.000</lastModifiedDate>
        <school>11136</school>
        <degree>6959</degree>
        <bgOrderPos>24</bgOrderPos>
        <backgroundElementId>4530839476</backgroundElementId>
        <educationYear>2008</educationYear>
        <userId>1031879</userId>
    </Background_Education>
    <Background_Education>
        <country>113</country>
        <userIdNav/>
        <partnership/>
        <major/>
        <lastModifiedDate>2021-09-08T13:58:57.000</lastModifiedDate>
        <school>11136</school>
        <degree>6961</degree>
        <bgOrderPos>9</bgOrderPos>
        <backgroundElementId>4530839478</backgroundElementId>
        <educationYear>1986</educationYear>
        <userId>1031875</userId>
    </Background_Education>
    <Background_Education>
        <country>113</country>
        <userIdNav/>
        <partnership/>
        <major/>
        <lastModifiedDate>2021-09-08T13:58:57.000</lastModifiedDate>
        <school>11136</school>
        <degree>6956</degree>
        <bgOrderPos>25</bgOrderPos>
        <backgroundElementId>4530839479</backgroundElementId>
        <educationYear>2006</educationYear>
        <userId>1031879</userId>
    </Background_Education>
    <Background_Education>
        <country>113</country>
        <userIdNav/>
        <partnership/>
        <major/>
        <lastModifiedDate>2021-09-08T13:58:57.000</lastModifiedDate>
        <school>11136</school>
        <degree>6959</degree>
        <bgOrderPos>26</bgOrderPos>
        <backgroundElementId>4530839480</backgroundElementId>
        <educationYear>2007</educationYear>
        <userId>1031879</userId>
    </Background_Education>
    <Background_Education>
        <country>113</country>
        <userIdNav/>
        <partnership/>
        <major/>
        <lastModifiedDate>2021-09-08T13:58:57.000</lastModifiedDate>
        <school>11136</school>
        <degree>6959</degree>
        <bgOrderPos>27</bgOrderPos>
        <backgroundElementId>4530839481</backgroundElementId>
        <educationYear>2008</educationYear>
        <userId>1031879</userId>
    </Background_Education>
    <Background_Education>
        <country>113</country>
        <userIdNav/>
        <partnership/>
        <major/>
        <lastModifiedDate>2021-09-08T13:59:59.000</lastModifiedDate>
        <school>11136</school>
        <degree>6961</degree>
        <bgOrderPos>10</bgOrderPos>
        <backgroundElementId>4530839482</backgroundElementId>
        <educationYear>1986</educationYear>
        <userId>1031875</userId>
    </Background_Education>
    <Background_Education>
        <country>113</country>
        <userIdNav/>
        <partnership/>
        <major/>
        <lastModifiedDate>2021-09-08T13:59:59.000</lastModifiedDate>
        <school>11136</school>
        <degree>6956</degree>
        <bgOrderPos>28</bgOrderPos>
        <backgroundElementId>4530839483</backgroundElementId>
        <educationYear>2006</educationYear>
        <userId>1031879</userId>
    </Background_Education>
    <Background_Education>
        <country>113</country>
        <userIdNav/>
        <partnership/>
        <major/>
        <lastModifiedDate>2021-09-08T13:59:59.000</lastModifiedDate>
        <school>11136</school>
        <degree>6959</degree>
        <bgOrderPos>29</bgOrderPos>
        <backgroundElementId>4530839484</backgroundElementId>
        <educationYear>2007</educationYear>
        <userId>1031879</userId>
    </Background_Education>
    <Background_Education>
        <country>113</country>
        <userIdNav/>
        <partnership/>
        <major/>
        <lastModifiedDate>2021-09-08T13:59:59.000</lastModifiedDate>
        <school>11136</school>
        <degree>6959</degree>
        <bgOrderPos>30</bgOrderPos>
        <backgroundElementId>4530839485</backgroundElementId>
        <educationYear>2008</educationYear>
        <userId>1031879</userId>
    </Background_Education>
    <Background_Education>
        <country>113</country>
        <userIdNav/>
        <partnership/>
        <major/>
        <lastModifiedDate>2021-09-08T14:06:32.000</lastModifiedDate>
        <school>11136</school>
        <degree>6961</degree>
        <bgOrderPos>11</bgOrderPos>
        <backgroundElementId>4530839486</backgroundElementId>
        <educationYear>1986</educationYear>
        <userId>1031875</userId>
    </Background_Education>
    <Background_Education>
        <country>113</country>
        <userIdNav/>
        <partnership/>
        <major/>
        <lastModifiedDate>2021-09-08T14:06:32.000</lastModifiedDate>
        <school>11136</school>
        <degree>6956</degree>
        <bgOrderPos>31</bgOrderPos>
        <backgroundElementId>4530839487</backgroundElementId>
        <educationYear>2006</educationYear>
        <userId>1031879</userId>
    </Background_Education>
    <Background_Education>
        <country>113</country>
        <userIdNav/>
        <partnership/>
        <major/>
        <lastModifiedDate>2021-09-08T14:06:32.000</lastModifiedDate>
        <school>11136</school>
        <degree>6959</degree>
        <bgOrderPos>32</bgOrderPos>
        <backgroundElementId>4530839488</backgroundElementId>
        <educationYear>2007</educationYear>
        <userId>1031879</userId>
    </Background_Education>
    <Background_Education>
        <country>113</country>
        <userIdNav/>
        <partnership/>
        <major/>
        <lastModifiedDate>2021-09-08T14:06:32.000</lastModifiedDate>
        <school>11136</school>
        <degree>6959</degree>
        <bgOrderPos>33</bgOrderPos>
        <backgroundElementId>4530839489</backgroundElementId>
        <educationYear>2008</educationYear>
        <userId>1031879</userId>
    </Background_Education>
    <Background_Education>
        <country>113</country>
        <userIdNav/>
        <partnership/>
        <major/>
        <lastModifiedDate>2021-09-08T14:09:06.000</lastModifiedDate>
        <school>11136</school>
        <degree>6961</degree>
        <bgOrderPos>12</bgOrderPos>
        <backgroundElementId>4530839490</backgroundElementId>
        <educationYear>1986</educationYear>
        <userId>1031875</userId>
    </Background_Education>
    <Background_Education>
        <country>113</country>
        <userIdNav/>
        <partnership/>
        <major/>
        <lastModifiedDate>2021-09-08T14:09:06.000</lastModifiedDate>
        <school>11136</school>
        <degree>6956</degree>
        <bgOrderPos>34</bgOrderPos>
        <backgroundElementId>4530839491</backgroundElementId>
        <educationYear>2006</educationYear>
        <userId>1031879</userId>
    </Background_Education>
    <Background_Education>
        <country>113</country>
        <userIdNav/>
        <partnership/>
        <major/>
        <lastModifiedDate>2021-09-08T14:09:06.000</lastModifiedDate>
        <school>11136</school>
        <degree>6959</degree>
        <bgOrderPos>35</bgOrderPos>
        <backgroundElementId>4530839492</backgroundElementId>
        <educationYear>2007</educationYear>
        <userId>1031879</userId>
    </Background_Education>
    <Background_Education>
        <country>113</country>
        <userIdNav/>
        <partnership/>
        <major/>
        <lastModifiedDate>2021-09-08T14:09:06.000</lastModifiedDate>
        <school>11136</school>
        <degree>6959</degree>
        <bgOrderPos>36</bgOrderPos>
        <backgroundElementId>4530839493</backgroundElementId>
        <educationYear>2008</educationYear>
        <userId>1031879</userId>
    </Background_Education>
    <Background_Education>
        <country>113</country>
        <userIdNav/>
        <partnership/>
        <major/>
        <lastModifiedDate>2021-09-08T14:10:59.000</lastModifiedDate>
        <school>11136</school>
        <degree>6961</degree>
        <bgOrderPos>13</bgOrderPos>
        <backgroundElementId>4530839494</backgroundElementId>
        <educationYear>1986</educationYear>
        <userId>1031875</userId>
    </Background_Education>
    <Background_Education>
        <country>113</country>
        <userIdNav/>
        <partnership/>
        <major/>
        <lastModifiedDate>2021-09-08T14:10:59.000</lastModifiedDate>
        <school>11136</school>
        <degree>6956</degree>
        <bgOrderPos>37</bgOrderPos>
        <backgroundElementId>4530839495</backgroundElementId>
        <educationYear>2006</educationYear>
        <userId>1031879</userId>
    </Background_Education>
    <Background_Education>
        <country>113</country>
        <userIdNav/>
        <partnership/>
        <major/>
        <lastModifiedDate>2021-09-08T14:10:59.000</lastModifiedDate>
        <school>11136</school>
        <degree>6959</degree>
        <bgOrderPos>38</bgOrderPos>
        <backgroundElementId>4530839496</backgroundElementId>
        <educationYear>2007</educationYear>
        <userId>1031879</userId>
    </Background_Education>
    <Background_Education>
        <country>113</country>
        <userIdNav/>
        <partnership/>
        <major/>
        <lastModifiedDate>2021-09-08T14:10:59.000</lastModifiedDate>
        <school>11136</school>
        <degree>6959</degree>
        <bgOrderPos>39</bgOrderPos>
        <backgroundElementId>4530839497</backgroundElementId>
        <educationYear>2008</educationYear>
        <userId>1031879</userId>
    </Background_Education>
    <Background_Education>
        <country>113</country>
        <userIdNav/>
        <partnership/>
        <major/>
        <lastModifiedDate>2021-09-08T14:15:55.000</lastModifiedDate>
        <school>11136</school>
        <degree>6961</degree>
        <bgOrderPos>14</bgOrderPos>
        <backgroundElementId>4530839498</backgroundElementId>
        <educationYear>1986</educationYear>
        <userId>1031875</userId>
    </Background_Education>
    <Background_Education>
        <country>113</country>
        <userIdNav/>
        <partnership/>
        <major/>
        <lastModifiedDate>2021-09-08T14:15:55.000</lastModifiedDate>
        <school>11136</school>
        <degree>6956</degree>
        <bgOrderPos>40</bgOrderPos>
        <backgroundElementId>4530839499</backgroundElementId>
        <educationYear>2006</educationYear>
        <userId>1031879</userId>
    </Background_Education>
    <Background_Education>
        <country>113</country>
        <userIdNav/>
        <partnership/>
        <major/>
        <lastModifiedDate>2021-09-08T14:15:55.000</lastModifiedDate>
        <school>11136</school>
        <degree>6959</degree>
        <bgOrderPos>41</bgOrderPos>
        <backgroundElementId>4530839500</backgroundElementId>
        <educationYear>2007</educationYear>
        <userId>1031879</userId>
    </Background_Education>
    <Background_Education>
        <country>113</country>
        <userIdNav/>
        <partnership/>
        <major/>
        <lastModifiedDate>2021-09-08T14:15:55.000</lastModifiedDate>
        <school>11136</school>
        <degree>6959</degree>
        <bgOrderPos>42</bgOrderPos>
        <backgroundElementId>4530839501</backgroundElementId>
        <educationYear>2008</educationYear>
        <userId>1031879</userId>
    </Background_Education>
    <Background_Education>
        <country>113</country>
        <userIdNav/>
        <partnership/>
        <major/>
        <lastModifiedDate>2021-09-08T14:36:46.000</lastModifiedDate>
        <school>11136</school>
        <degree>6961</degree>
        <bgOrderPos>15</bgOrderPos>
        <backgroundElementId>4530839502</backgroundElementId>
        <educationYear>1986</educationYear>
        <userId>1031875</userId>
    </Background_Education>
    <Background_Education>
        <country>113</country>
        <userIdNav/>
        <partnership/>
        <major/>
        <lastModifiedDate>2021-09-08T14:36:46.000</lastModifiedDate>
        <school>11136</school>
        <degree>6956</degree>
        <bgOrderPos>43</bgOrderPos>
        <backgroundElementId>4530839503</backgroundElementId>
        <educationYear>2006</educationYear>
        <userId>1031879</userId>
    </Background_Education>
    <Background_Education>
        <country>113</country>
        <userIdNav/>
        <partnership/>
        <major/>
        <lastModifiedDate>2021-09-08T14:36:46.000</lastModifiedDate>
        <school>11136</school>
        <degree>6959</degree>
        <bgOrderPos>44</bgOrderPos>
        <backgroundElementId>4530839504</backgroundElementId>
        <educationYear>2007</educationYear>
        <userId>1031879</userId>
    </Background_Education>
    <Background_Education>
        <country>113</country>
        <userIdNav/>
        <partnership/>
        <major/>
        <lastModifiedDate>2021-09-08T14:36:46.000</lastModifiedDate>
        <school>11136</school>
        <degree>6959</degree>
        <bgOrderPos>45</bgOrderPos>
        <backgroundElementId>4530839505</backgroundElementId>
        <educationYear>2008</educationYear>
        <userId>1031879</userId>
    </Background_Education>
    <Background_Education>
        <country>113</country>
        <userIdNav/>
        <partnership/>
        <major/>
        <lastModifiedDate>2021-09-08T14:48:40.000</lastModifiedDate>
        <school>11136</school>
        <degree>6961</degree>
        <bgOrderPos>16</bgOrderPos>
        <backgroundElementId>4530839507</backgroundElementId>
        <educationYear>1986</educationYear>
        <userId>1031875</userId>
    </Background_Education>
    <Background_Education>
        <country>113</country>
        <userIdNav/>
        <partnership/>
        <major/>
        <lastModifiedDate>2021-09-08T14:48:40.000</lastModifiedDate>
        <school>11136</school>
        <degree>6956</degree>
        <bgOrderPos>46</bgOrderPos>
        <backgroundElementId>4530839508</backgroundElementId>
        <educationYear>2006</educationYear>
        <userId>1031879</userId>
    </Background_Education>
    <Background_Education>
        <country>113</country>
        <userIdNav/>
        <partnership/>
        <major/>
        <lastModifiedDate>2021-09-08T14:48:40.000</lastModifiedDate>
        <school>11136</school>
        <degree>6959</degree>
        <bgOrderPos>47</bgOrderPos>
        <backgroundElementId>4530839509</backgroundElementId>
        <educationYear>2007</educationYear>
        <userId>1031879</userId>
    </Background_Education>
    <Background_Education>
        <country>113</country>
        <userIdNav/>
        <partnership/>
        <major/>
        <lastModifiedDate>2021-09-08T14:48:40.000</lastModifiedDate>
        <school>11136</school>
        <degree>6959</degree>
        <bgOrderPos>48</bgOrderPos>
        <backgroundElementId>4530839510</backgroundElementId>
        <educationYear>2008</educationYear>
        <userId>1031879</userId>
    </Background_Education>
    <Background_Education>
        <country>113</country>
        <userIdNav/>
        <partnership/>
        <major/>
        <lastModifiedDate>2021-09-08T15:20:40.000</lastModifiedDate>
        <school>11136</school>
        <degree>6961</degree>
        <bgOrderPos>17</bgOrderPos>
        <backgroundElementId>4530839512</backgroundElementId>
        <educationYear>1986</educationYear>
        <userId>1031875</userId>
    </Background_Education>
    <Background_Education>
        <country>113</country>
        <userIdNav/>
        <partnership/>
        <major/>
        <lastModifiedDate>2021-09-08T15:20:41.000</lastModifiedDate>
        <school>11136</school>
        <degree>6956</degree>
        <bgOrderPos>49</bgOrderPos>
        <backgroundElementId>4530839513</backgroundElementId>
        <educationYear>2006</educationYear>
        <userId>1031879</userId>
    </Background_Education>
    <Background_Education>
        <country>113</country>
        <userIdNav/>
        <partnership/>
        <major/>
        <lastModifiedDate>2021-09-08T15:20:41.000</lastModifiedDate>
        <school>11136</school>
        <degree>6959</degree>
        <bgOrderPos>50</bgOrderPos>
        <backgroundElementId>4530839514</backgroundElementId>
        <educationYear>2007</educationYear>
        <userId>1031879</userId>
    </Background_Education>
    <Background_Education>
        <country>113</country>
        <userIdNav/>
        <partnership/>
        <major/>
        <lastModifiedDate>2021-09-08T15:20:41.000</lastModifiedDate>
        <school>11136</school>
        <degree>6959</degree>
        <bgOrderPos>51</bgOrderPos>
        <backgroundElementId>4530839515</backgroundElementId>
        <educationYear>2008</educationYear>
        <userId>1031879</userId>
    </Background_Education>
    <Background_Education>
        <country>113</country>
        <userIdNav/>
        <partnership/>
        <major/>
        <lastModifiedDate>2021-09-08T15:55:45.000</lastModifiedDate>
        <school>11136</school>
        <degree>6961</degree>
        <bgOrderPos>18</bgOrderPos>
        <backgroundElementId>4530839517</backgroundElementId>
        <educationYear>1986</educationYear>
        <userId>1031875</userId>
    </Background_Education>
    <Background_Education>
        <country>113</country>
        <userIdNav/>
        <partnership/>
        <major/>
        <lastModifiedDate>2021-09-08T15:55:45.000</lastModifiedDate>
        <school>11136</school>
        <degree>6956</degree>
        <bgOrderPos>52</bgOrderPos>
        <backgroundElementId>4530839518</backgroundElementId>
        <educationYear>2006</educationYear>
        <userId>1031879</userId>
    </Background_Education>
    <Background_Education>
        <country>113</country>
        <userIdNav/>
        <partnership/>
        <major/>
        <lastModifiedDate>2021-09-08T15:55:46.000</lastModifiedDate>
        <school>11136</school>
        <degree>6959</degree>
        <bgOrderPos>53</bgOrderPos>
        <backgroundElementId>4530839519</backgroundElementId>
        <educationYear>2007</educationYear>
        <userId>1031879</userId>
    </Background_Education>
    <Background_Education>
        <country>113</country>
        <userIdNav/>
        <partnership/>
        <major/>
        <lastModifiedDate>2021-09-08T15:55:46.000</lastModifiedDate>
        <school>11136</school>
        <degree>6959</degree>
        <bgOrderPos>54</bgOrderPos>
        <backgroundElementId>4530839520</backgroundElementId>
        <educationYear>2008</educationYear>
        <userId>1031879</userId>
    </Background_Education>
    <Background_Education>
        <country>113</country>
        <userIdNav/>
        <partnership/>
        <major/>
        <lastModifiedDate>2021-09-08T15:58:40.000</lastModifiedDate>
        <school>11136</school>
        <degree>6961</degree>
        <bgOrderPos>19</bgOrderPos>
        <backgroundElementId>4530839522</backgroundElementId>
        <educationYear>1986</educationYear>
        <userId>1031875</userId>
    </Background_Education>
    <Background_Education>
        <country>113</country>
        <userIdNav/>
        <partnership/>
        <major/>
        <lastModifiedDate>2021-09-08T15:58:40.000</lastModifiedDate>
        <school>11136</school>
        <degree>6956</degree>
        <bgOrderPos>55</bgOrderPos>
        <backgroundElementId>4530839523</backgroundElementId>
        <educationYear>2006</educationYear>
        <userId>1031879</userId>
    </Background_Education>
    <Background_Education>
        <country>113</country>
        <userIdNav/>
        <partnership/>
        <major/>
        <lastModifiedDate>2021-09-08T15:58:40.000</lastModifiedDate>
        <school>11136</school>
        <degree>6959</degree>
        <bgOrderPos>56</bgOrderPos>
        <backgroundElementId>4530839524</backgroundElementId>
        <educationYear>2007</educationYear>
        <userId>1031879</userId>
    </Background_Education>
    <Background_Education>
        <country>113</country>
        <userIdNav/>
        <partnership/>
        <major/>
        <lastModifiedDate>2021-09-08T15:58:40.000</lastModifiedDate>
        <school>11136</school>
        <degree>6959</degree>
        <bgOrderPos>57</bgOrderPos>
        <backgroundElementId>4530839525</backgroundElementId>
        <educationYear>2008</educationYear>
        <userId>1031879</userId>
    </Background_Education>
    <Background_Education>
        <country>113</country>
        <userIdNav/>
        <partnership/>
        <major/>
        <lastModifiedDate>2021-09-08T15:59:40.000</lastModifiedDate>
        <school>11136</school>
        <degree>6961</degree>
        <bgOrderPos>20</bgOrderPos>
        <backgroundElementId>4530839526</backgroundElementId>
        <educationYear>1986</educationYear>
        <userId>1031875</userId>
    </Background_Education>
    <Background_Education>
        <country>113</country>
        <userIdNav/>
        <partnership/>
        <major/>
        <lastModifiedDate>2021-09-08T15:59:40.000</lastModifiedDate>
        <school>11136</school>
        <degree>6956</degree>
        <bgOrderPos>58</bgOrderPos>
        <backgroundElementId>4530839527</backgroundElementId>
        <educationYear>2006</educationYear>
        <userId>1031879</userId>
    </Background_Education>
    <Background_Education>
        <country>113</country>
        <userIdNav/>
        <partnership/>
        <major/>
        <lastModifiedDate>2021-09-08T15:59:40.000</lastModifiedDate>
        <school>11136</school>
        <degree>6959</degree>
        <bgOrderPos>59</bgOrderPos>
        <backgroundElementId>4530839528</backgroundElementId>
        <educationYear>2007</educationYear>
        <userId>1031879</userId>
    </Background_Education>
    <Background_Education>
        <country>113</country>
        <userIdNav/>
        <partnership/>
        <major/>
        <lastModifiedDate>2021-09-08T15:59:41.000</lastModifiedDate>
        <school>11136</school>
        <degree>6959</degree>
        <bgOrderPos>60</bgOrderPos>
        <backgroundElementId>4530839529</backgroundElementId>
        <educationYear>2008</educationYear>
        <userId>1031879</userId>
    </Background_Education>
    <Background_Education>
        <country>113</country>
        <userIdNav/>
        <partnership/>
        <major/>
        <lastModifiedDate>2021-09-08T16:10:45.000</lastModifiedDate>
        <school>11136</school>
        <degree>6961</degree>
        <bgOrderPos>21</bgOrderPos>
        <backgroundElementId>4530839530</backgroundElementId>
        <educationYear>1986</educationYear>
        <userId>1031875</userId>
    </Background_Education>
    <Background_Education>
        <country>113</country>
        <userIdNav/>
        <partnership/>
        <major/>
        <lastModifiedDate>2021-09-08T16:10:45.000</lastModifiedDate>
        <school>11136</school>
        <degree>6956</degree>
        <bgOrderPos>61</bgOrderPos>
        <backgroundElementId>4530839531</backgroundElementId>
        <educationYear>2006</educationYear>
        <userId>1031879</userId>
    </Background_Education>
    <Background_Education>
        <country>113</country>
        <userIdNav/>
        <partnership/>
        <major/>
        <lastModifiedDate>2021-09-08T16:10:45.000</lastModifiedDate>
        <school>11136</school>
        <degree>6959</degree>
        <bgOrderPos>62</bgOrderPos>
        <backgroundElementId>4530839532</backgroundElementId>
        <educationYear>2007</educationYear>
        <userId>1031879</userId>
    </Background_Education>
    <Background_Education>
        <country>113</country>
        <userIdNav/>
        <partnership/>
        <major/>
        <lastModifiedDate>2021-09-08T16:10:45.000</lastModifiedDate>
        <school>11136</school>
        <degree>6959</degree>
        <bgOrderPos>63</bgOrderPos>
        <backgroundElementId>4530839533</backgroundElementId>
        <educationYear>2008</educationYear>
        <userId>1031879</userId>
    </Background_Education>
    <Background_Education>
        <country>113</country>
        <userIdNav/>
        <partnership/>
        <major/>
        <lastModifiedDate>2021-09-08T16:15:45.000</lastModifiedDate>
        <school>11136</school>
        <degree>6961</degree>
        <bgOrderPos>22</bgOrderPos>
        <backgroundElementId>4530839534</backgroundElementId>
        <educationYear>1986</educationYear>
        <userId>1031875</userId>
    </Background_Education>
    <Background_Education>
        <country>113</country>
        <userIdNav/>
        <partnership/>
        <major/>
        <lastModifiedDate>2021-09-08T16:15:45.000</lastModifiedDate>
        <school>11136</school>
        <degree>6956</degree>
        <bgOrderPos>64</bgOrderPos>
        <backgroundElementId>4530839535</backgroundElementId>
        <educationYear>2006</educationYear>
        <userId>1031879</userId>
    </Background_Education>
    <Background_Education>
        <country>113</country>
        <userIdNav/>
        <partnership/>
        <major/>
        <lastModifiedDate>2021-09-08T16:15:45.000</lastModifiedDate>
        <school>11136</school>
        <degree>6959</degree>
        <bgOrderPos>65</bgOrderPos>
        <backgroundElementId>4530839536</backgroundElementId>
        <educationYear>2007</educationYear>
        <userId>1031879</userId>
    </Background_Education>
    <Background_Education>
        <country>113</country>
        <userIdNav/>
        <partnership/>
        <major/>
        <lastModifiedDate>2021-09-08T16:15:45.000</lastModifiedDate>
        <school>11136</school>
        <degree>6959</degree>
        <bgOrderPos>66</bgOrderPos>
        <backgroundElementId>4530839537</backgroundElementId>
        <educationYear>2008</educationYear>
        <userId>1031879</userId>
    </Background_Education>
    <Background_Education>
        <country>113</country>
        <userIdNav/>
        <partnership/>
        <major/>
        <lastModifiedDate>2021-09-08T17:16:21.000</lastModifiedDate>
        <school>11136</school>
        <degree>6961</degree>
        <bgOrderPos>23</bgOrderPos>
        <backgroundElementId>4530839538</backgroundElementId>
        <educationYear>1986</educationYear>
        <userId>1031875</userId>
    </Background_Education>
    <Background_Education>
        <country>113</country>
        <userIdNav/>
        <partnership/>
        <major/>
        <lastModifiedDate>2021-09-08T17:16:21.000</lastModifiedDate>
        <school>11136</school>
        <degree>6956</degree>
        <bgOrderPos>67</bgOrderPos>
        <backgroundElementId>4530839539</backgroundElementId>
        <educationYear>2006</educationYear>
        <userId>1031879</userId>
    </Background_Education>
    <Background_Education>
        <country>113</country>
        <userIdNav/>
        <partnership/>
        <major/>
        <lastModifiedDate>2021-09-08T17:16:21.000</lastModifiedDate>
        <school>11136</school>
        <degree>6959</degree>
        <bgOrderPos>68</bgOrderPos>
        <backgroundElementId>4530839540</backgroundElementId>
        <educationYear>2007</educationYear>
        <userId>1031879</userId>
    </Background_Education>
    <Background_Education>
        <country>113</country>
        <userIdNav/>
        <partnership/>
        <major/>
        <lastModifiedDate>2021-09-08T17:16:21.000</lastModifiedDate>
        <school>11136</school>
        <degree>6959</degree>
        <bgOrderPos>69</bgOrderPos>
        <backgroundElementId>4530839541</backgroundElementId>
        <educationYear>2008</educationYear>
        <userId>1031879</userId>
    </Background_Education>
    <Background_Education>
        <country>113</country>
        <userIdNav/>
        <partnership/>
        <major/>
        <lastModifiedDate>2021-09-08T17:24:10.000</lastModifiedDate>
        <school>11136</school>
        <degree>6961</degree>
        <bgOrderPos>24</bgOrderPos>
        <backgroundElementId>4530839542</backgroundElementId>
        <educationYear>1986</educationYear>
        <userId>1031875</userId>
    </Background_Education>
    <Background_Education>
        <country>113</country>
        <userIdNav/>
        <partnership/>
        <major/>
        <lastModifiedDate>2021-09-08T17:24:10.000</lastModifiedDate>
        <school>11136</school>
        <degree>6956</degree>
        <bgOrderPos>70</bgOrderPos>
        <backgroundElementId>4530839543</backgroundElementId>
        <educationYear>2006</educationYear>
        <userId>1031879</userId>
    </Background_Education>
    <Background_Education>
        <country>113</country>
        <userIdNav/>
        <partnership/>
        <major/>
        <lastModifiedDate>2021-09-08T17:24:10.000</lastModifiedDate>
        <school>11136</school>
        <degree>6959</degree>
        <bgOrderPos>71</bgOrderPos>
        <backgroundElementId>4530839544</backgroundElementId>
        <educationYear>2007</educationYear>
        <userId>1031879</userId>
    </Background_Education>
    <Background_Education>
        <country>113</country>
        <userIdNav/>
        <partnership/>
        <major/>
        <lastModifiedDate>2021-09-08T17:24:10.000</lastModifiedDate>
        <school>11136</school>
        <degree>6959</degree>
        <bgOrderPos>72</bgOrderPos>
        <backgroundElementId>4530839545</backgroundElementId>
        <educationYear>2008</educationYear>
        <userId>1031879</userId>
    </Background_Education>
    <Background_Education>
        <country>113</country>
        <userIdNav/>
        <partnership/>
        <major/>
        <lastModifiedDate>2021-09-08T17:32:14.000</lastModifiedDate>
        <school>11136</school>
        <degree>6961</degree>
        <bgOrderPos>25</bgOrderPos>
        <backgroundElementId>4530839546</backgroundElementId>
        <educationYear>1986</educationYear>
        <userId>1031875</userId>
    </Background_Education>
    <Background_Education>
        <country>113</country>
        <userIdNav/>
        <partnership/>
        <major/>
        <lastModifiedDate>2021-09-08T17:32:14.000</lastModifiedDate>
        <school>11136</school>
        <degree>6956</degree>
        <bgOrderPos>73</bgOrderPos>
        <backgroundElementId>4530839547</backgroundElementId>
        <educationYear>2006</educationYear>
        <userId>1031879</userId>
    </Background_Education>
    <Background_Education>
        <country>113</country>
        <userIdNav/>
        <partnership/>
        <major/>
        <lastModifiedDate>2021-09-08T17:32:14.000</lastModifiedDate>
        <school>11136</school>
        <degree>6959</degree>
        <bgOrderPos>74</bgOrderPos>
        <backgroundElementId>4530839548</backgroundElementId>
        <educationYear>2007</educationYear>
        <userId>1031879</userId>
    </Background_Education>
    <Background_Education>
        <country>113</country>
        <userIdNav/>
        <partnership/>
        <major/>
        <lastModifiedDate>2021-09-08T17:32:14.000</lastModifiedDate>
        <school>11136</school>
        <degree>6959</degree>
        <bgOrderPos>75</bgOrderPos>
        <backgroundElementId>4530839549</backgroundElementId>
        <educationYear>2008</educationYear>
        <userId>1031879</userId>
    </Background_Education>
    <Background_Education>
        <country>113</country>
        <userIdNav/>
        <partnership/>
        <major/>
        <lastModifiedDate>2021-09-08T17:32:40.000</lastModifiedDate>
        <school>11136</school>
        <degree>6961</degree>
        <bgOrderPos>26</bgOrderPos>
        <backgroundElementId>4530839550</backgroundElementId>
        <educationYear>1986</educationYear>
        <userId>1031875</userId>
    </Background_Education>
    <Background_Education>
        <country>113</country>
        <userIdNav/>
        <partnership/>
        <major/>
        <lastModifiedDate>2021-09-08T17:32:40.000</lastModifiedDate>
        <school>11136</school>
        <degree>6956</degree>
        <bgOrderPos>76</bgOrderPos>
        <backgroundElementId>4530839551</backgroundElementId>
        <educationYear>2006</educationYear>
        <userId>1031879</userId>
    </Background_Education>
    <Background_Education>
        <country>113</country>
        <userIdNav/>
        <partnership/>
        <major/>
        <lastModifiedDate>2021-09-08T17:32:40.000</lastModifiedDate>
        <school>11136</school>
        <degree>6959</degree>
        <bgOrderPos>77</bgOrderPos>
        <backgroundElementId>4530839552</backgroundElementId>
        <educationYear>2007</educationYear>
        <userId>1031879</userId>
    </Background_Education>
    <Background_Education>
        <country>113</country>
        <userIdNav/>
        <partnership/>
        <major/>
        <lastModifiedDate>2021-09-08T17:32:40.000</lastModifiedDate>
        <school>11136</school>
        <degree>6959</degree>
        <bgOrderPos>78</bgOrderPos>
        <backgroundElementId>4530839553</backgroundElementId>
        <educationYear>2008</educationYear>
        <userId>1031879</userId>
    </Background_Education>
    <Background_Education>
        <country>113</country>
        <userIdNav/>
        <partnership/>
        <major/>
        <lastModifiedDate>2021-09-08T17:39:28.000</lastModifiedDate>
        <school>11136</school>
        <degree>6961</degree>
        <bgOrderPos>27</bgOrderPos>
        <backgroundElementId>4530839554</backgroundElementId>
        <educationYear>1986</educationYear>
        <userId>1031875</userId>
    </Background_Education>
    <Background_Education>
        <country>113</country>
        <userIdNav/>
        <partnership/>
        <major/>
        <lastModifiedDate>2021-09-08T17:39:28.000</lastModifiedDate>
        <school>11136</school>
        <degree>6956</degree>
        <bgOrderPos>79</bgOrderPos>
        <backgroundElementId>4530839555</backgroundElementId>
        <educationYear>2006</educationYear>
        <userId>1031879</userId>
    </Background_Education>
    <Background_Education>
        <country>113</country>
        <userIdNav/>
        <partnership/>
        <major/>
        <lastModifiedDate>2021-09-08T17:39:28.000</lastModifiedDate>
        <school>11136</school>
        <degree>6959</degree>
        <bgOrderPos>80</bgOrderPos>
        <backgroundElementId>4530839556</backgroundElementId>
        <educationYear>2007</educationYear>
        <userId>1031879</userId>
    </Background_Education>
    <Background_Education>
        <country>113</country>
        <userIdNav/>
        <partnership/>
        <major/>
        <lastModifiedDate>2021-09-08T17:39:28.000</lastModifiedDate>
        <school>11136</school>
        <degree>6959</degree>
        <bgOrderPos>81</bgOrderPos>
        <backgroundElementId>4530839557</backgroundElementId>
        <educationYear>2008</educationYear>
        <userId>1031879</userId>
    </Background_Education>
    <Background_Education>
        <country>113</country>
        <userIdNav/>
        <partnership/>
        <major/>
        <lastModifiedDate>2021-09-08T17:45:30.000</lastModifiedDate>
        <school>11136</school>
        <degree>6961</degree>
        <bgOrderPos>28</bgOrderPos>
        <backgroundElementId>4530839558</backgroundElementId>
        <educationYear>1986</educationYear>
        <userId>1031875</userId>
    </Background_Education>
    <Background_Education>
        <country>113</country>
        <userIdNav/>
        <partnership/>
        <major/>
        <lastModifiedDate>2021-09-08T17:45:30.000</lastModifiedDate>
        <school>11136</school>
        <degree>6956</degree>
        <bgOrderPos>82</bgOrderPos>
        <backgroundElementId>4530839559</backgroundElementId>
        <educationYear>2006</educationYear>
        <userId>1031879</userId>
    </Background_Education>
    <Background_Education>
        <country>113</country>
        <userIdNav/>
        <partnership/>
        <major/>
        <lastModifiedDate>2021-09-08T17:45:30.000</lastModifiedDate>
        <school>11136</school>
        <degree>6959</degree>
        <bgOrderPos>83</bgOrderPos>
        <backgroundElementId>4530839560</backgroundElementId>
        <educationYear>2007</educationYear>
        <userId>1031879</userId>
    </Background_Education>
    <Background_Education>
        <country>113</country>
        <userIdNav/>
        <partnership/>
        <major/>
        <lastModifiedDate>2021-09-08T17:45:30.000</lastModifiedDate>
        <school>11136</school>
        <degree>6959</degree>
        <bgOrderPos>84</bgOrderPos>
        <backgroundElementId>4530839561</backgroundElementId>
        <educationYear>2008</educationYear>
        <userId>1031879</userId>
    </Background_Education>
    <Background_Education>
        <country>113</country>
        <userIdNav/>
        <partnership/>
        <major/>
        <lastModifiedDate>2021-09-08T17:48:51.000</lastModifiedDate>
        <school>11136</school>
        <degree>6961</degree>
        <bgOrderPos>29</bgOrderPos>
        <backgroundElementId>4530839562</backgroundElementId>
        <educationYear>1986</educationYear>
        <userId>1031875</userId>
    </Background_Education>
    <Background_Education>
        <country>113</country>
        <userIdNav/>
        <partnership/>
        <major/>
        <lastModifiedDate>2021-09-08T17:48:51.000</lastModifiedDate>
        <school>11136</school>
        <degree>6956</degree>
        <bgOrderPos>85</bgOrderPos>
        <backgroundElementId>4530839563</backgroundElementId>
        <educationYear>2006</educationYear>
        <userId>1031879</userId>
    </Background_Education>
    <Background_Education>
        <country>113</country>
        <userIdNav/>
        <partnership/>
        <major/>
        <lastModifiedDate>2021-09-08T17:48:52.000</lastModifiedDate>
        <school>11136</school>
        <degree>6959</degree>
        <bgOrderPos>86</bgOrderPos>
        <backgroundElementId>4530839564</backgroundElementId>
        <educationYear>2007</educationYear>
        <userId>1031879</userId>
    </Background_Education>
    <Background_Education>
        <country>113</country>
        <userIdNav/>
        <partnership/>
        <major/>
        <lastModifiedDate>2021-09-08T17:48:52.000</lastModifiedDate>
        <school>11136</school>
        <degree>6959</degree>
        <bgOrderPos>87</bgOrderPos>
        <backgroundElementId>4530839565</backgroundElementId>
        <educationYear>2008</educationYear>
        <userId>1031879</userId>
    </Background_Education>
    <Background_Education>
        <country>113</country>
        <userIdNav/>
        <partnership/>
        <major/>
        <lastModifiedDate>2021-09-08T17:51:22.000</lastModifiedDate>
        <school>11136</school>
        <degree>6961</degree>
        <bgOrderPos>30</bgOrderPos>
        <backgroundElementId>4530839566</backgroundElementId>
        <educationYear>1986</educationYear>
        <userId>1031875</userId>
    </Background_Education>
    <Background_Education>
        <country>113</country>
        <userIdNav/>
        <partnership/>
        <major/>
        <lastModifiedDate>2021-09-08T17:51:22.000</lastModifiedDate>
        <school>11136</school>
        <degree>6956</degree>
        <bgOrderPos>88</bgOrderPos>
        <backgroundElementId>4530839567</backgroundElementId>
        <educationYear>2006</educationYear>
        <userId>1031879</userId>
    </Background_Education>
    <Background_Education>
        <country>113</country>
        <userIdNav/>
        <partnership/>
        <major/>
        <lastModifiedDate>2021-09-08T17:51:22.000</lastModifiedDate>
        <school>11136</school>
        <degree>6959</degree>
        <bgOrderPos>89</bgOrderPos>
        <backgroundElementId>4530839568</backgroundElementId>
        <educationYear>2007</educationYear>
        <userId>1031879</userId>
    </Background_Education>
    <Background_Education>
        <country>113</country>
        <userIdNav/>
        <partnership/>
        <major/>
        <lastModifiedDate>2021-09-08T17:51:22.000</lastModifiedDate>
        <school>11136</school>
        <degree>6959</degree>
        <bgOrderPos>90</bgOrderPos>
        <backgroundElementId>4530839569</backgroundElementId>
        <educationYear>2008</educationYear>
        <userId>1031879</userId>
    </Background_Education>
    <Background_Education>
        <country>113</country>
        <userIdNav/>
        <partnership/>
        <major/>
        <lastModifiedDate>2021-09-08T17:51:37.000</lastModifiedDate>
        <school>11136</school>
        <degree>6961</degree>
        <bgOrderPos>31</bgOrderPos>
        <backgroundElementId>4530839571</backgroundElementId>
        <educationYear>1986</educationYear>
        <userId>1031875</userId>
    </Background_Education>
    <Background_Education>
        <country>113</country>
        <userIdNav/>
        <partnership/>
        <major/>
        <lastModifiedDate>2021-09-08T17:51:37.000</lastModifiedDate>
        <school>11136</school>
        <degree>6956</degree>
        <bgOrderPos>91</bgOrderPos>
        <backgroundElementId>4530839572</backgroundElementId>
        <educationYear>2006</educationYear>
        <userId>1031879</userId>
    </Background_Education>
    <Background_Education>
        <country>113</country>
        <userIdNav/>
        <partnership/>
        <major/>
        <lastModifiedDate>2021-09-08T17:51:37.000</lastModifiedDate>
        <school>11136</school>
        <degree>6959</degree>
        <bgOrderPos>92</bgOrderPos>
        <backgroundElementId>4530839573</backgroundElementId>
        <educationYear>2007</educationYear>
        <userId>1031879</userId>
    </Background_Education>
    <Background_Education>
        <country>113</country>
        <userIdNav/>
        <partnership/>
        <major/>
        <lastModifiedDate>2021-09-08T17:51:37.000</lastModifiedDate>
        <school>11136</school>
        <degree>6959</degree>
        <bgOrderPos>93</bgOrderPos>
        <backgroundElementId>4530839574</backgroundElementId>
        <educationYear>2008</educationYear>
        <userId>1031879</userId>
    </Background_Education>
    <Background_Education>
        <country>113</country>
        <userIdNav/>
        <partnership/>
        <major/>
        <lastModifiedDate>2021-09-08T17:55:43.000</lastModifiedDate>
        <school>11136</school>
        <degree>6961</degree>
        <bgOrderPos>32</bgOrderPos>
        <backgroundElementId>4530839576</backgroundElementId>
        <educationYear>1986</educationYear>
        <userId>1031875</userId>
    </Background_Education>
    <Background_Education>
        <country>113</country>
        <userIdNav/>
        <partnership/>
        <major/>
        <lastModifiedDate>2021-09-08T17:55:43.000</lastModifiedDate>
        <school>11136</school>
        <degree>6956</degree>
        <bgOrderPos>94</bgOrderPos>
        <backgroundElementId>4530839577</backgroundElementId>
        <educationYear>2006</educationYear>
        <userId>1031879</userId>
    </Background_Education>
    <Background_Education>
        <country>113</country>
        <userIdNav/>
        <partnership/>
        <major/>
        <lastModifiedDate>2021-09-08T17:55:43.000</lastModifiedDate>
        <school>11136</school>
        <degree>6959</degree>
        <bgOrderPos>95</bgOrderPos>
        <backgroundElementId>4530839578</backgroundElementId>
        <educationYear>2007</educationYear>
        <userId>1031879</userId>
    </Background_Education>
    <Background_Education>
        <country>113</country>
        <userIdNav/>
        <partnership/>
        <major/>
        <lastModifiedDate>2021-09-08T17:55:43.000</lastModifiedDate>
        <school>11136</school>
        <degree>6959</degree>
        <bgOrderPos>96</bgOrderPos>
        <backgroundElementId>4530839579</backgroundElementId>
        <educationYear>2008</educationYear>
        <userId>1031879</userId>
    </Background_Education>
    <Background_Education>
        <country>113</country>
        <userIdNav/>
        <partnership/>
        <major/>
        <lastModifiedDate>2021-09-08T18:15:18.000</lastModifiedDate>
        <school>11136</school>
        <degree>6961</degree>
        <bgOrderPos>33</bgOrderPos>
        <backgroundElementId>4530839583</backgroundElementId>
        <educationYear>1986</educationYear>
        <userId>1031875</userId>
    </Background_Education>
    <Background_Education>
        <country>113</country>
        <userIdNav/>
        <partnership/>
        <major/>
        <lastModifiedDate>2021-09-08T18:15:18.000</lastModifiedDate>
        <school>11136</school>
        <degree>6956</degree>
        <bgOrderPos>97</bgOrderPos>
        <backgroundElementId>4530839584</backgroundElementId>
        <educationYear>2006</educationYear>
        <userId>1031879</userId>
    </Background_Education>
    <Background_Education>
        <country>113</country>
        <userIdNav/>
        <partnership/>
        <major/>
        <lastModifiedDate>2021-09-08T18:15:18.000</lastModifiedDate>
        <school>11136</school>
        <degree>6959</degree>
        <bgOrderPos>98</bgOrderPos>
        <backgroundElementId>4530839585</backgroundElementId>
        <educationYear>2007</educationYear>
        <userId>1031879</userId>
    </Background_Education>
    <Background_Education>
        <country>113</country>
        <userIdNav/>
        <partnership/>
        <major/>
        <lastModifiedDate>2021-09-08T18:15:18.000</lastModifiedDate>
        <school>11136</school>
        <degree>6959</degree>
        <bgOrderPos>99</bgOrderPos>
        <backgroundElementId>4530839586</backgroundElementId>
        <educationYear>2008</educationYear>
        <userId>1031879</userId>
    </Background_Education>
    <Background_Education>
        <country>113</country>
        <userIdNav/>
        <partnership/>
        <major/>
        <lastModifiedDate>2021-09-08T18:36:44.000</lastModifiedDate>
        <school>11136</school>
        <degree>6961</degree>
        <bgOrderPos>34</bgOrderPos>
        <backgroundElementId>4530839588</backgroundElementId>
        <educationYear>1986</educationYear>
        <userId>1031875</userId>
    </Background_Education>
    <Background_Education>
        <country>113</country>
        <userIdNav/>
        <partnership/>
        <major/>
        <lastModifiedDate>2021-09-08T18:36:44.000</lastModifiedDate>
        <school>11136</school>
        <degree>6956</degree>
        <bgOrderPos>100</bgOrderPos>
        <backgroundElementId>4530839589</backgroundElementId>
        <educationYear>2006</educationYear>
        <userId>1031879</userId>
    </Background_Education>
    <Background_Education>
        <country>113</country>
        <userIdNav/>
        <partnership/>
        <major/>
        <lastModifiedDate>2021-09-08T18:36:44.000</lastModifiedDate>
        <school>11136</school>
        <degree>6959</degree>
        <bgOrderPos>101</bgOrderPos>
        <backgroundElementId>4530839590</backgroundElementId>
        <educationYear>2007</educationYear>
        <userId>1031879</userId>
    </Background_Education>
    <Background_Education>
        <country>113</country>
        <userIdNav/>
        <partnership/>
        <major/>
        <lastModifiedDate>2021-09-08T18:36:44.000</lastModifiedDate>
        <school>11136</school>
        <degree>6959</degree>
        <bgOrderPos>102</bgOrderPos>
        <backgroundElementId>4530839591</backgroundElementId>
        <educationYear>2008</educationYear>
        <userId>1031879</userId>
    </Background_Education>
    <Background_Education>
        <country>113</country>
        <userIdNav/>
        <partnership/>
        <major/>
        <lastModifiedDate>2021-09-08T18:48:44.000</lastModifiedDate>
        <school>11136</school>
        <degree>6961</degree>
        <bgOrderPos>35</bgOrderPos>
        <backgroundElementId>4530839593</backgroundElementId>
        <educationYear>1986</educationYear>
        <userId>1031875</userId>
    </Background_Education>
    <Background_Education>
        <country>113</country>
        <userIdNav/>
        <partnership/>
        <major/>
        <lastModifiedDate>2021-09-08T18:48:44.000</lastModifiedDate>
        <school>11136</school>
        <degree>6956</degree>
        <bgOrderPos>103</bgOrderPos>
        <backgroundElementId>4530839594</backgroundElementId>
        <educationYear>2006</educationYear>
        <userId>1031879</userId>
    </Background_Education>
    <Background_Education>
        <country>113</country>
        <userIdNav/>
        <partnership/>
        <major/>
        <lastModifiedDate>2021-09-08T18:48:44.000</lastModifiedDate>
        <school>11136</school>
        <degree>6959</degree>
        <bgOrderPos>104</bgOrderPos>
        <backgroundElementId>4530839595</backgroundElementId>
        <educationYear>2007</educationYear>
        <userId>1031879</userId>
    </Background_Education>
    <Background_Education>
        <country>113</country>
        <userIdNav/>
        <partnership/>
        <major/>
        <lastModifiedDate>2021-09-08T18:48:44.000</lastModifiedDate>
        <school>11136</school>
        <degree>6959</degree>
        <bgOrderPos>105</bgOrderPos>
        <backgroundElementId>4530839596</backgroundElementId>
        <educationYear>2008</educationYear>
        <userId>1031879</userId>
    </Background_Education>
    <Background_Education>
        <country>113</country>
        <userIdNav/>
        <partnership/>
        <major/>
        <lastModifiedDate>2021-09-08T19:16:44.000</lastModifiedDate>
        <school>11136</school>
        <degree>6961</degree>
        <bgOrderPos>36</bgOrderPos>
        <backgroundElementId>4530839598</backgroundElementId>
        <educationYear>1986</educationYear>
        <userId>1031875</userId>
    </Background_Education>
    <Background_Education>
        <country>113</country>
        <userIdNav/>
        <partnership/>
        <major/>
        <lastModifiedDate>2021-09-08T19:16:44.000</lastModifiedDate>
        <school>11136</school>
        <degree>6956</degree>
        <bgOrderPos>106</bgOrderPos>
        <backgroundElementId>4530839599</backgroundElementId>
        <educationYear>2006</educationYear>
        <userId>1031879</userId>
    </Background_Education>
    <Background_Education>
        <country>113</country>
        <userIdNav/>
        <partnership/>
        <major/>
        <lastModifiedDate>2021-09-08T19:16:44.000</lastModifiedDate>
        <school>11136</school>
        <degree>6959</degree>
        <bgOrderPos>107</bgOrderPos>
        <backgroundElementId>4530839600</backgroundElementId>
        <educationYear>2007</educationYear>
        <userId>1031879</userId>
    </Background_Education>
    <Background_Education>
        <country>113</country>
        <userIdNav/>
        <partnership/>
        <major/>
        <lastModifiedDate>2021-09-08T19:16:44.000</lastModifiedDate>
        <school>11136</school>
        <degree>6959</degree>
        <bgOrderPos>108</bgOrderPos>
        <backgroundElementId>4530839601</backgroundElementId>
        <educationYear>2008</educationYear>
        <userId>1031879</userId>
    </Background_Education>
    <Background_Education>
        <country>113</country>
        <userIdNav/>
        <partnership/>
        <major/>
        <lastModifiedDate>2021-09-08T19:20:44.000</lastModifiedDate>
        <school>11136</school>
        <degree>6961</degree>
        <bgOrderPos>37</bgOrderPos>
        <backgroundElementId>4530839602</backgroundElementId>
        <educationYear>1986</educationYear>
        <userId>1031875</userId>
    </Background_Education>
    <Background_Education>
        <country>113</country>
        <userIdNav/>
        <partnership/>
        <major/>
        <lastModifiedDate>2021-09-08T19:20:44.000</lastModifiedDate>
        <school>11136</school>
        <degree>6956</degree>
        <bgOrderPos>109</bgOrderPos>
        <backgroundElementId>4530839603</backgroundElementId>
        <educationYear>2006</educationYear>
        <userId>1031879</userId>
    </Background_Education>
    <Background_Education>
        <country>113</country>
        <userIdNav/>
        <partnership/>
        <major/>
        <lastModifiedDate>2021-09-08T19:20:44.000</lastModifiedDate>
        <school>11136</school>
        <degree>6959</degree>
        <bgOrderPos>110</bgOrderPos>
        <backgroundElementId>4530839604</backgroundElementId>
        <educationYear>2007</educationYear>
        <userId>1031879</userId>
    </Background_Education>
    <Background_Education>
        <country>113</country>
        <userIdNav/>
        <partnership/>
        <major/>
        <lastModifiedDate>2021-09-08T19:20:44.000</lastModifiedDate>
        <school>11136</school>
        <degree>6959</degree>
        <bgOrderPos>111</bgOrderPos>
        <backgroundElementId>4530839605</backgroundElementId>
        <educationYear>2008</educationYear>
        <userId>1031879</userId>
    </Background_Education>
    <Background_Education>
        <country>113</country>
        <userIdNav/>
        <partnership/>
        <major/>
        <lastModifiedDate>2021-09-08T19:23:44.000</lastModifiedDate>
        <school>11136</school>
        <degree>6961</degree>
        <bgOrderPos>38</bgOrderPos>
        <backgroundElementId>4530839607</backgroundElementId>
        <educationYear>1986</educationYear>
        <userId>1031875</userId>
    </Background_Education>
    <Background_Education>
        <country>113</country>
        <userIdNav/>
        <partnership/>
        <major/>
        <lastModifiedDate>2021-09-08T19:23:44.000</lastModifiedDate>
        <school>11136</school>
        <degree>6956</degree>
        <bgOrderPos>112</bgOrderPos>
        <backgroundElementId>4530839608</backgroundElementId>
        <educationYear>2006</educationYear>
        <userId>1031879</userId>
    </Background_Education>
    <Background_Education>
        <country>113</country>
        <userIdNav/>
        <partnership/>
        <major/>
        <lastModifiedDate>2021-09-08T19:23:44.000</lastModifiedDate>
        <school>11136</school>
        <degree>6959</degree>
        <bgOrderPos>113</bgOrderPos>
        <backgroundElementId>4530839609</backgroundElementId>
        <educationYear>2007</educationYear>
        <userId>1031879</userId>
    </Background_Education>
    <Background_Education>
        <country>113</country>
        <userIdNav/>
        <partnership/>
        <major/>
        <lastModifiedDate>2021-09-08T19:23:44.000</lastModifiedDate>
        <school>11136</school>
        <degree>6959</degree>
        <bgOrderPos>114</bgOrderPos>
        <backgroundElementId>4530839610</backgroundElementId>
        <educationYear>2008</educationYear>
        <userId>1031879</userId>
    </Background_Education>
    <Background_Education>
        <country>113</country>
        <userIdNav/>
        <partnership/>
        <major/>
        <lastModifiedDate>2021-09-08T19:39:44.000</lastModifiedDate>
        <school>11136</school>
        <degree>6961</degree>
        <bgOrderPos>39</bgOrderPos>
        <backgroundElementId>4530839611</backgroundElementId>
        <educationYear>1986</educationYear>
        <userId>1031875</userId>
    </Background_Education>
    <Background_Education>
        <country>113</country>
        <userIdNav/>
        <partnership/>
        <major/>
        <lastModifiedDate>2021-09-08T19:39:44.000</lastModifiedDate>
        <school>11136</school>
        <degree>6956</degree>
        <bgOrderPos>115</bgOrderPos>
        <backgroundElementId>4530839612</backgroundElementId>
        <educationYear>2006</educationYear>
        <userId>1031879</userId>
    </Background_Education>
    <Background_Education>
        <country>113</country>
        <userIdNav/>
        <partnership/>
        <major/>
        <lastModifiedDate>2021-09-08T19:39:44.000</lastModifiedDate>
        <school>11136</school>
        <degree>6959</degree>
        <bgOrderPos>116</bgOrderPos>
        <backgroundElementId>4530839613</backgroundElementId>
        <educationYear>2007</educationYear>
        <userId>1031879</userId>
    </Background_Education>
    <Background_Education>
        <country>113</country>
        <userIdNav/>
        <partnership/>
        <major/>
        <lastModifiedDate>2021-09-08T19:39:44.000</lastModifiedDate>
        <school>11136</school>
        <degree>6959</degree>
        <bgOrderPos>117</bgOrderPos>
        <backgroundElementId>4530839614</backgroundElementId>
        <educationYear>2008</educationYear>
        <userId>1031879</userId>
    </Background_Education>
    <Background_Education>
        <country>113</country>
        <userIdNav/>
        <partnership/>
        <major/>
        <lastModifiedDate>2021-09-08T19:45:44.000</lastModifiedDate>
        <school>11136</school>
        <degree>6961</degree>
        <bgOrderPos>40</bgOrderPos>
        <backgroundElementId>4530839615</backgroundElementId>
        <educationYear>1986</educationYear>
        <userId>1031875</userId>
    </Background_Education>
    <Background_Education>
        <country>113</country>
        <userIdNav/>
        <partnership/>
        <major/>
        <lastModifiedDate>2021-09-08T19:45:44.000</lastModifiedDate>
        <school>11136</school>
        <degree>6956</degree>
        <bgOrderPos>118</bgOrderPos>
        <backgroundElementId>4530839616</backgroundElementId>
        <educationYear>2006</educationYear>
        <userId>1031879</userId>
    </Background_Education>
    <Background_Education>
        <country>113</country>
        <userIdNav/>
        <partnership/>
        <major/>
        <lastModifiedDate>2021-09-08T19:45:44.000</lastModifiedDate>
        <school>11136</school>
        <degree>6959</degree>
        <bgOrderPos>119</bgOrderPos>
        <backgroundElementId>4530839617</backgroundElementId>
        <educationYear>2007</educationYear>
        <userId>1031879</userId>
    </Background_Education>
    <Background_Education>
        <country>113</country>
        <userIdNav/>
        <partnership/>
        <major/>
        <lastModifiedDate>2021-09-08T19:45:44.000</lastModifiedDate>
        <school>11136</school>
        <degree>6959</degree>
        <bgOrderPos>120</bgOrderPos>
        <backgroundElementId>4530839618</backgroundElementId>
        <educationYear>2008</educationYear>
        <userId>1031879</userId>
    </Background_Education>
    <Background_Education>
        <country>113</country>
        <userIdNav/>
        <partnership/>
        <major/>
        <lastModifiedDate>2021-09-08T19:48:44.000</lastModifiedDate>
        <school>11136</school>
        <degree>6961</degree>
        <bgOrderPos>41</bgOrderPos>
        <backgroundElementId>4530839619</backgroundElementId>
        <educationYear>1986</educationYear>
        <userId>1031875</userId>
    </Background_Education>
    <Background_Education>
        <country>113</country>
        <userIdNav/>
        <partnership/>
        <major/>
        <lastModifiedDate>2021-09-08T19:48:44.000</lastModifiedDate>
        <school>11136</school>
        <degree>6956</degree>
        <bgOrderPos>121</bgOrderPos>
        <backgroundElementId>4530839620</backgroundElementId>
        <educationYear>2006</educationYear>
        <userId>1031879</userId>
    </Background_Education>
    <Background_Education>
        <country>113</country>
        <userIdNav/>
        <partnership/>
        <major/>
        <lastModifiedDate>2021-09-08T19:48:44.000</lastModifiedDate>
        <school>11136</school>
        <degree>6959</degree>
        <bgOrderPos>122</bgOrderPos>
        <backgroundElementId>4530839621</backgroundElementId>
        <educationYear>2007</educationYear>
        <userId>1031879</userId>
    </Background_Education>
    <Background_Education>
        <country>113</country>
        <userIdNav/>
        <partnership/>
        <major/>
        <lastModifiedDate>2021-09-08T19:48:44.000</lastModifiedDate>
        <school>11136</school>
        <degree>6959</degree>
        <bgOrderPos>123</bgOrderPos>
        <backgroundElementId>4530839622</backgroundElementId>
        <educationYear>2008</educationYear>
        <userId>1031879</userId>
    </Background_Education>
    <Background_Education>
        <country>113</country>
        <userIdNav/>
        <partnership/>
        <major/>
        <lastModifiedDate>2021-09-08T19:51:44.000</lastModifiedDate>
        <school>11136</school>
        <degree>6961</degree>
        <bgOrderPos>42</bgOrderPos>
        <backgroundElementId>4530839623</backgroundElementId>
        <educationYear>1986</educationYear>
        <userId>1031875</userId>
    </Background_Education>
    <Background_Education>
        <country>113</country>
        <userIdNav/>
        <partnership/>
        <major/>
        <lastModifiedDate>2021-09-08T19:51:44.000</lastModifiedDate>
        <school>11136</school>
        <degree>6956</degree>
        <bgOrderPos>124</bgOrderPos>
        <backgroundElementId>4530839625</backgroundElementId>
        <educationYear>2006</educationYear>
        <userId>1031879</userId>
    </Background_Education>
    <Background_Education>
        <country>113</country>
        <userIdNav/>
        <partnership/>
        <major/>
        <lastModifiedDate>2021-09-08T19:51:44.000</lastModifiedDate>
        <school>11136</school>
        <degree>6956</degree>
        <bgOrderPos>125</bgOrderPos>
        <backgroundElementId>4530839626</backgroundElementId>
        <educationYear>2006</educationYear>
        <userId>1031879</userId>
    </Background_Education>
    <Background_Education>
        <country>113</country>
        <userIdNav/>
        <partnership/>
        <major/>
        <lastModifiedDate>2021-09-08T19:51:44.000</lastModifiedDate>
        <school>11136</school>
        <degree>6959</degree>
        <bgOrderPos>125</bgOrderPos>
        <backgroundElementId>4530839627</backgroundElementId>
        <educationYear>2007</educationYear>
        <userId>1031879</userId>
    </Background_Education>
    <Background_Education>
        <country>113</country>
        <userIdNav/>
        <partnership/>
        <major/>
        <lastModifiedDate>2021-09-08T19:55:44.000</lastModifiedDate>
        <school>11136</school>
        <degree>6961</degree>
        <bgOrderPos>43</bgOrderPos>
        <backgroundElementId>4530839633</backgroundElementId>
        <educationYear>1986</educationYear>
        <userId>1031875</userId>
    </Background_Education>
    <Background_Education>
        <country>113</country>
        <userIdNav/>
        <partnership/>
        <major/>
        <lastModifiedDate>2021-09-08T19:58:47.000</lastModifiedDate>
        <school>11136</school>
        <degree>6961</degree>
        <bgOrderPos>44</bgOrderPos>
        <backgroundElementId>4530839644</backgroundElementId>
        <educationYear>1986</educationYear>
        <userId>1031875</userId>
    </Background_Education>
    <Background_Education>
        <country>113</country>
        <userIdNav/>
        <partnership/>
        <major/>
        <lastModifiedDate>2021-09-08T19:59:46.000</lastModifiedDate>
        <school>11136</school>
        <degree>6961</degree>
        <bgOrderPos>45</bgOrderPos>
        <backgroundElementId>4530839649</backgroundElementId>
        <educationYear>1986</educationYear>
        <userId>1031875</userId>
    </Background_Education>
    <Background_Education>
        <country>113</country>
        <userIdNav/>
        <partnership/>
        <major/>
        <lastModifiedDate>2021-09-08T20:10:46.000</lastModifiedDate>
        <school>11136</school>
        <degree>6961</degree>
        <bgOrderPos>46</bgOrderPos>
        <backgroundElementId>4530839653</backgroundElementId>
        <educationYear>1986</educationYear>
        <userId>1031875</userId>
    </Background_Education>
    <Background_Education>
        <country>113</country>
        <userIdNav/>
        <partnership/>
        <major/>
        <lastModifiedDate>2021-09-08T20:15:46.000</lastModifiedDate>
        <school>11136</school>
        <degree>6961</degree>
        <bgOrderPos>47</bgOrderPos>
        <backgroundElementId>4530839657</backgroundElementId>
        <educationYear>1986</educationYear>
        <userId>1031875</userId>
    </Background_Education>
    <Background_Education>
        <country>113</country>
        <userIdNav/>
        <partnership/>
        <major/>
        <lastModifiedDate>2021-09-08T20:15:46.000</lastModifiedDate>
        <school>11136</school>
        <degree>6961</degree>
        <bgOrderPos>47</bgOrderPos>
        <backgroundElementId>4530839658</backgroundElementId>
        <educationYear>1986</educationYear>
        <userId>1031875</userId>
    </Background_Education>
    <Background_Education>
        <country>113</country>
        <userIdNav>
            <User>
                <status>t</status>
            </User>
        </userIdNav>
        <partnership/>
        <major/>
        <lastModifiedDate>2021-09-09T11:10:18.000</lastModifiedDate>
        <school>11136</school>
        <degree>6955</degree>
        <bgOrderPos>1</bgOrderPos>
        <backgroundElementId>4530839796</backgroundElementId>
        <educationYear>1993</educationYear>
        <userId>1031882</userId>
    </Background_Education>
</Background_Education>
