<FOLocation>
    <FOLocation>
        <externalCode>LOC_ZZ01 [ZZ1]</externalCode>
        <startDate>1900-01-01T00:00:00</startDate>
        <name>Poland_C.H. Stary Browar_(Poznan)[G06]</name>
        <status>A</status>
        <addressCountry>FRA</addressCountry>
        <addressZipCode></addressZipCode>
        <addressAddress3></addressAddress3>
        <addressAddress2></addressAddress2>
        <addressCity></addressCity>
        <addressAddress1></addressAddress1>
        <addressCounty></addressCounty>
        <addressCustomString2></addressCustomString2>
        <addressCustomString1></addressCustomString1>
        <addressProvince></addressProvince>
        <addressState></addressState>
        <companyFlx>ZZ2</companyFlx>
    </FOLocation>
</FOLocation>