<?xml version='1.0' encoding='utf-8'?>
<UpsertResponses>
    <FOCompanyUpsertResponse>
        <key>FOCompany/externalCode=TestCPI,FOCompany/startDate=1900-01-01T00:00:00.000Z</key>
        <status>ERROR</status>
        <editStatus null="true"/>
        <message>Invalid reference '(effectiveStartDate=1900-01-01, externalCode=PC_033_Test)' for valid when association 'cust_ParentCompanyAssociation'.</message>
        <index type="Edm.Int32">0</index>
        <httpCode type="Edm.Int32">500</httpCode>
        <inlineResults type="Bag(SFOData.UpsertResult)"/>
    </FOCompanyUpsertResponse>
    <FOCompanyUpsertResponse>
        <key>FOCompany/externalCode=TestCPI1,FOCompany/startDate=1900-01-01T00:00:00.000Z</key>
        <status>OK</status>
        <editStatus>UPSERTED</editStatus>
        <message null="true"/>
        <index type="Edm.Int32">1</index>
        <httpCode type="Edm.Int32">200</httpCode>
        <inlineResults type="Bag(SFOData.UpsertResult)"/>
    </FOCompanyUpsertResponse>
    <FOCompanyUpsertResponse>
        <key>FOCompany/externalCode=TestCPI2,FOCompany/startDate=1900-01-01T00:00:00.000Z</key>
        <status>OK</status>
        <editStatus null="true"/>
        <message>Invalid reference '(effectiveStartDate=1900-01-01, externalCode=PC_033_Test)' for valid when association 'cust_ParentCompanyAssociation'.</message>
        <index type="Edm.Int32">0</index>
        <httpCode type="Edm.Int32">500</httpCode>
        <inlineResults type="Bag(SFOData.UpsertResult)"/>
    </FOCompanyUpsertResponse>
</UpsertResponses>
